timestamp,is_anomaly,anomaly_score,current_prediction,future_predictions,drift_detected,pattern,actual_total
2024-03-01 05:00:00,False,0.0,0.0,"[0.0, 0.0, 0.0, 0.0, 0.0, 0.0]","{'boarding': False, 'landing': False, 'loader': False}",low_activity,0.0
2024-03-01 05:05:00,False,0.0,0.0,"[0.0, 0.0, 0.0, 0.0, 0.0, 0.0]","{'boarding': False, 'landing': False, 'loader': False}",low_activity,0.0
2024-03-01 05:10:00,False,0.0,0.0,"[0.0, 0.0, 0.0, 0.0, 0.0, 0.0]","{'boarding': False, 'landing': False, 'loader': False}",low_activity,0.0
2024-03-01 05:15:00,False,0.0,0.0,"[0.0, 0.0, 0.0, 0.0, 0.0, 0.0]","{'boarding': False, 'landing': False, 'loader': False}",low_activity,0.0
2024-03-01 05:20:00,False,0.0,0.0,"[0.0, 0.0, 0.0, 0.0, 0.0, 0.0]","{'boarding': False, 'landing': False, 'loader': False}",low_activity,0.0
2024-03-01 05:25:00,False,0.0,0.0,"[0.0, 0.0, 0.0, 0.0, 0.0, 0.0]","{'boarding': False, 'landing': False, 'loader': False}",low_activity,0.0
2024-03-01 05:30:00,False,0.0,0.0,"[0.0, 0.0, 0.0, 0.0, 0.0, 0.0]","{'boarding': False, 'landing': False, 'loader': False}",low_activity,0.0
2024-03-01 05:35:00,False,0.0,0.0,"[0.0, 0.0, 0.0, 0.0, 0.0, 0.0]","{'boarding': False, 'landing': False, 'loader': False}",low_activity,0.0
2024-03-01 05:40:00,False,0.0,0.0,"[0.0, 0.0, 0.0, 0.0, 0.0, 0.0]","{'boarding': False, 'landing': False, 'loader': False}",low_activity,0.0
2024-03-01 05:45:00,False,0.0,0.0,"[0.0, 0.0, 0.0, 0.0, 0.0, 0.0]","{'boarding': False, 'landing': False, 'loader': False}",low_activity,0.0
2024-03-01 05:50:00,False,0.0,0.0,"[0.0, 0.0, 0.0, 0.0, 0.0, 0.0]","{'boarding': False, 'landing': False, 'loader': False}",low_activity,0.0
2024-03-01 05:55:00,False,0.0,0.0,"[0.0, 0.0, 0.0, 0.0, 0.0, 0.0]","{'boarding': False, 'landing': False, 'loader': False}",low_activity,0.0
2024-03-01 06:00:00,False,0.0,0.0,"[0.0, 0.0, 0.0, 0.0, 0.0, 0.0]","{'boarding': False, 'landing': False, 'loader': False}",low_activity,0.0
2024-03-01 06:05:00,True,0.8327928230677228,0.0,"[0.0, 0.0, 0.0, 0.0, 0.0, 0.0]","{'boarding': False, 'landing': False, 'loader': False}",low_activity,1.0
2024-03-01 06:10:00,False,0.7897584873630343,0.0,"[0.0, 0.0, 0.0, 0.0, 0.0, 0.0]","{'boarding': False, 'landing': False, 'loader': False}",low_activity,2.0
2024-03-01 06:15:00,False,0.6,0.0,"[0.0, 0.0, 0.0, 0.0, 0.0, 0.0]","{'boarding': False, 'landing': False, 'loader': False}",low_activity,1.0
2024-03-01 06:20:00,False,0.6032036262257172,0.0,"[0.0, 0.0, 0.0, 0.0, 0.0, 0.0]","{'boarding': False, 'landing': False, 'loader': False}",low_activity,2.0
2024-03-01 06:25:00,False,0.7741637819064245,0.0,"[0.0, 0.0, 0.0, 0.0, 0.0, 0.0]","{'boarding': False, 'landing': False, 'loader': False}",low_activity,4.0
2024-03-01 06:30:00,False,0.6287671147050276,0.0,"[0.0, 0.0, 0.0, 0.0, 0.0, 0.0]","{'boarding': False, 'landing': False, 'loader': False}",low_activity,4.0
2024-03-01 06:35:00,False,0.6430831584715295,0.0,"[0.0, 0.0, 0.0, 0.0, 0.0, 0.0]","{'boarding': False, 'landing': False, 'loader': False}",normal,5.0
2024-03-01 06:40:00,False,0.43800449289476806,0.0,"[0.0, 0.0, 0.0, 0.0, 0.0, 0.0]","{'boarding': False, 'landing': False, 'loader': False}",low_activity,4.0
2024-03-01 06:45:00,False,0.40191101456399964,0.0,"[0.0, 0.0, 0.0, 0.0, 0.0, 0.0]","{'boarding': False, 'landing': False, 'loader': False}",low_activity,4.0
2024-03-01 06:50:00,False,0.48532624473757985,0.0,"[0.0, 0.0, 0.0, 0.0, 0.0, 0.0]","{'boarding': False, 'landing': False, 'loader': False}",normal,5.0
2024-03-01 06:55:00,False,0.4419522784123376,0.0,"[0.0, 0.0, 0.0, 0.0, 0.0, 0.0]","{'boarding': False, 'landing': False, 'loader': False}",normal,5.0
2024-03-01 07:00:00,False,0.40906405767160503,0.0,"[0.0, 0.0, 0.0, 0.0, 0.0, 0.0]","{'boarding': False, 'landing': False, 'loader': False}",normal,5.0
2024-03-01 07:05:00,False,0.38326411610954125,0.0,"[0.0, 0.0, 0.0, 0.0, 0.0, 0.0]","{'boarding': False, 'landing': False, 'loader': False}",normal,5.0
2024-03-01 07:10:00,False,0.4583550436682337,0.0,"[0.0, 0.0, 0.0, 0.0, 0.0, 0.0]","{'boarding': False, 'landing': False, 'loader': False}",normal,6.0
2024-03-01 07:15:00,False,0.6650612830263637,0.0,"[0.0, 0.0, 0.0, 0.0, 0.0, 0.0]","{'boarding': False, 'landing': False, 'loader': False}",normal,9.0
2024-03-01 07:20:00,False,0.5894645497773576,0.0,"[0.0, 0.0, 0.0, 0.0, 0.0, 0.0]","{'boarding': False, 'landing': False, 'loader': False}",normal,9.0
2024-03-01 07:25:00,False,0.3882596975150441,0.0,"[0.0, 0.0, 0.0, 0.0, 0.0, 0.0]","{'boarding': False, 'landing': False, 'loader': False}",normal,7.0
2024-03-01 07:30:00,False,0.4417886087230156,0.0,"[0.0, 0.0, 0.0, 0.0, 0.0, 0.0]","{'boarding': False, 'landing': False, 'loader': False}",normal,8.0
2024-03-01 07:35:00,False,0.415637671199001,0.0,"[0.0, 0.0, 0.0, 0.0, 0.0, 0.0]","{'boarding': False, 'landing': False, 'loader': True}",normal,8.0
2024-03-01 07:40:00,False,0.39407502359206653,0.0,"[0.0, 0.0, 0.0, 0.0, 0.0, 0.0]","{'boarding': False, 'landing': False, 'loader': False}",normal,8.0
2024-03-01 07:45:00,False,0.3759808482340301,0.0,"[0.0, 0.0, 0.0, 0.0, 0.0, 0.0]","{'boarding': False, 'landing': False, 'loader': False}",normal,8.0
2024-03-01 07:50:00,False,0.29744291731151784,0.0,"[0.0, 0.0, 0.0, 0.0, 0.0, 0.0]","{'boarding': False, 'landing': False, 'loader': False}",normal,7.0
2024-03-01 07:55:00,False,0.41796855659561144,0.0,"[0.0, 0.0, 0.0, 0.0, 0.0, 0.0]","{'boarding': False, 'landing': False, 'loader': False}",normal,9.0
2024-03-01 08:00:00,False,0.39831500034401834,0.0,"[0.0, 0.0, 0.0, 0.0, 0.0, 0.0]","{'boarding': False, 'landing': False, 'loader': False}",normal,9.0
2024-03-01 08:05:00,False,0.3201057668402888,0.0,"[0.0, 0.0, 0.0, 0.0, 0.0, 0.0]","{'boarding': False, 'landing': False, 'loader': False}",normal,8.0
2024-03-01 08:10:00,False,0.3114849444898978,0.0,"[0.0, 0.0, 0.0, 0.0, 0.0, 0.0]","{'boarding': False, 'landing': False, 'loader': False}",normal,8.0
2024-03-01 08:15:00,False,0.19962645138023066,0.0,"[0.0, 0.0, 0.0, 0.0, 0.0, 0.0]","{'boarding': False, 'landing': False, 'loader': False}",normal,6.0
2024-03-01 08:20:00,False,0.1979960746235415,0.0,"[0.0, 0.0, 0.0, 0.0, 0.0, 0.0]","{'boarding': False, 'landing': False, 'loader': False}",normal,6.0
2024-03-01 08:25:00,False,0.19645426403517924,0.0,"[0.0, 0.0, 0.0, 0.0, 0.0, 0.0]","{'boarding': False, 'landing': False, 'loader': False}",normal,6.0
2024-03-01 08:30:00,False,0.30092489054693883,0.0,"[0.0, 0.0, 0.0, 0.0, 0.0, 0.0]","{'boarding': False, 'landing': False, 'loader': False}",normal,8.0
2024-03-01 08:35:00,False,0.19043900654659626,0.0,"[0.0, 0.0, 0.0, 0.0, 0.0, 0.0]","{'boarding': False, 'landing': False, 'loader': False}",normal,6.0
2024-03-01 08:40:00,False,0.1892049731942372,0.0,"[0.0, 0.0, 0.0, 0.0, 0.0, 0.0]","{'boarding': False, 'landing': False, 'loader': False}",normal,6.0
2024-03-01 08:45:00,False,0.1880289154093311,0.0,"[0.0, 0.0, 0.0, 0.0, 0.0, 0.0]","{'boarding': False, 'landing': False, 'loader': False}",normal,6.0
2024-03-01 08:50:00,False,0.18690654170644272,0.0,"[0.0, 0.0, 0.0, 0.0, 0.0, 0.0]","{'boarding': False, 'landing': False, 'loader': False}",normal,6.0
2024-03-01 08:55:00,False,0.18583398655166802,0.0,"[0.0, 0.0, 0.0, 0.0, 0.0, 0.0]","{'boarding': False, 'landing': False, 'loader': False}",normal,6.0
2024-03-01 09:00:00,False,0.2922882932147833,0.0,"[0.0, 0.0, 0.0, 0.0, 0.0, 0.0]","{'boarding': False, 'landing': False, 'loader': False}",normal,8.0
2024-03-01 09:05:00,False,0.23033477756774462,0.0,"[0.0, 0.0, 0.0, 0.0, 0.0, 0.0]","{'boarding': False, 'landing': False, 'loader': False}",normal,7.0
2024-03-01 09:10:00,False,0.17912721961744454,0.0,"[0.0, 0.0, 0.0, 0.0, 0.0, 0.0]","{'boarding': False, 'landing': False, 'loader': False}",normal,6.0
2024-03-01 09:15:00,False,0.13749262693069092,0.0,"[0.0, 0.0, 0.0, 0.0, 0.0, 0.0]","{'boarding': False, 'landing': False, 'loader': False}",normal,5.0
2024-03-01 09:20:00,False,0.13730383144931005,0.0,"[0.0, 0.0, 0.0, 0.0, 0.0, 0.0]","{'boarding': False, 'landing': False, 'loader': False}",normal,5.0
2024-03-01 09:25:00,False,0.17871370866261738,0.0,"[0.0, 0.0, 0.0, 0.0, 0.0, 0.0]","{'boarding': False, 'landing': False, 'loader': False}",normal,6.0
2024-03-01 09:30:00,False,0.13621423765414317,0.0,"[0.0, 0.0, 0.0, 0.0, 0.0, 0.0]","{'boarding': False, 'landing': False, 'loader': False}",normal,5.0
2024-03-01 09:35:00,False,0.13604924649963646,0.0,"[0.0, 0.0, 0.0, 0.0, 0.0, 0.0]","{'boarding': False, 'landing': False, 'loader': False}",normal,5.0
2024-03-01 09:40:00,False,0.1386226008542006,0.0,"[0.0, 0.0, 0.0, 0.0, 0.0, 0.0]","{'boarding': False, 'landing': False, 'loader': False}",low_activity,4.0
2024-03-01 09:45:00,False,0.1384383173605777,0.0,"[0.0, 0.0, 0.0, 0.0, 0.0, 0.0]","{'boarding': False, 'landing': False, 'loader': False}",low_activity,4.0
2024-03-01 09:50:00,False,0.13691353667804843,0.0,"[0.0, 0.0, 0.0, 0.0, 0.0, 0.0]","{'boarding': False, 'landing': False, 'loader': False}",normal,5.0
2024-03-01 09:55:00,False,0.18319813782827954,0.0,"[0.0, 0.0, 0.0, 0.0, 0.0, 0.0]","{'boarding': False, 'landing': False, 'loader': False}",low_activity,3.0
2024-03-01 10:00:00,False,0.18242092099209642,0.0,"[0.0, 0.0, 0.0, 0.0, 0.0, 0.0]","{'boarding': False, 'landing': False, 'loader': False}",low_activity,3.0
2024-03-01 10:05:00,False,0.13702329463319848,0.0,"[0.0, 0.0, 0.0, 0.0, 0.0, 0.0]","{'boarding': False, 'landing': False, 'loader': False}",low_activity,4.0
2024-03-01 10:10:00,False,0.13686903878522047,0.0,"[0.0, 0.0, 0.0, 0.0, 0.0, 0.0]","{'boarding': False, 'landing': False, 'loader': False}",low_activity,4.0
2024-03-01 10:15:00,False,0.13671864352507526,0.0,"[0.0, 0.0, 0.0, 0.0, 0.0, 0.0]","{'boarding': True, 'landing': False, 'loader': True}",low_activity,4.0
2024-03-01 10:20:00,False,0.13657195167625683,0.0,"[0.0, 0.0, 0.0, 0.0, 0.0, 0.0]","{'boarding': False, 'landing': False, 'loader': False}",low_activity,4.0
2024-03-01 10:25:00,False,0.1408867132510218,0.0,"[0.0, 0.0, 0.0, 0.0, 0.0, 0.0]","{'boarding': False, 'landing': False, 'loader': False}",normal,5.0
2024-03-01 10:30:00,False,0.14070633245769146,0.0,"[0.0, 0.0, 0.0, 0.0, 0.0, 0.0]","{'boarding': False, 'landing': False, 'loader': False}",normal,5.0
2024-03-01 10:35:00,False,0.14053027537879725,0.0,"[0.0, 0.0, 0.0, 0.0, 0.0, 0.0]","{'boarding': False, 'landing': False, 'loader': False}",normal,5.0
2024-03-01 10:40:00,False,0.14035837356813247,0.0,"[0.0, 0.0, 0.0, 0.0, 0.0, 0.0]","{'boarding': False, 'landing': False, 'loader': False}",normal,5.0
2024-03-01 10:45:00,False,0.1401904675791674,0.0,"[0.0, 0.0, 0.0, 0.0, 0.0, 0.0]","{'boarding': False, 'landing': False, 'loader': False}",normal,5.0
2024-03-01 10:50:00,False,0.6,0.0,"[0.0, 0.0, 0.0, 0.0, 0.0, 0.0]","{'boarding': False, 'landing': False, 'loader': False}",low_activity,4.0
2024-03-01 10:55:00,False,0.6,0.0,"[0.0, 0.0, 0.0, 0.0, 0.0, 0.0]","{'boarding': False, 'landing': False, 'loader': False}",low_activity,4.0
2024-03-01 11:00:00,False,0.6,0.0,"[0.0, 0.0, 0.0, 0.0, 0.0, 0.0]","{'boarding': False, 'landing': False, 'loader': False}",low_activity,4.0
2024-03-01 11:05:00,False,0.6,0.0,"[0.0, 0.0, 0.0, 0.0, 0.0, 0.0]","{'boarding': False, 'landing': False, 'loader': False}",low_activity,4.0
2024-03-01 11:10:00,False,0.19281819521024057,0.0,"[0.0, 0.0, 0.0, 0.0, 0.0, 0.0]","{'boarding': False, 'landing': False, 'loader': False}",normal,6.0
2024-03-01 11:15:00,False,0.2554753519859971,0.0,"[0.0, 0.0, 0.0, 0.0, 0.0, 0.0]","{'boarding': False, 'landing': False, 'loader': False}",normal,7.0
2024-03-01 11:20:00,False,0.2533483678639681,0.0,"[0.0, 0.0, 0.0, 0.0, 0.0, 0.0]","{'boarding': False, 'landing': False, 'loader': False}",normal,7.0
2024-03-01 11:25:00,False,0.1381299041252541,0.0,"[0.0, 0.0, 0.0, 0.0, 0.0, 0.0]","{'boarding': False, 'landing': False, 'loader': False}",normal,5.0
2024-03-01 11:30:00,False,0.13799852610021374,0.0,"[0.0, 0.0, 0.0, 0.0, 0.0, 0.0]","{'boarding': False, 'landing': False, 'loader': False}",normal,5.0
2024-03-01 11:35:00,False,0.13786979018052672,0.0,"[0.0, 0.0, 0.0, 0.0, 0.0, 0.0]","{'boarding': False, 'landing': False, 'loader': False}",normal,5.0
2024-03-01 11:40:00,False,0.18907867948004278,0.0,"[0.0, 0.0, 0.0, 0.0, 0.0, 0.0]","{'boarding': False, 'landing': False, 'loader': False}",normal,6.0
2024-03-01 11:45:00,False,0.18842022571828726,0.0,"[0.0, 0.0, 0.0, 0.0, 0.0, 0.0]","{'boarding': False, 'landing': False, 'loader': False}",normal,6.0
2024-03-01 11:50:00,False,0.18777884484292173,0.0,"[0.0, 0.0, 0.0, 0.0, 0.0, 0.0]","{'boarding': False, 'landing': False, 'loader': False}",normal,6.0
2024-03-01 11:55:00,False,0.18715383028446886,0.0,"[0.0, 0.0, 0.0, 0.0, 0.0, 0.0]","{'boarding': False, 'landing': False, 'loader': False}",normal,6.0
2024-03-01 12:00:00,False,0.18654451516123782,0.0,"[0.0, 0.0, 0.0, 0.0, 0.0, 0.0]","{'boarding': False, 'landing': False, 'loader': False}",normal,6.0
2024-03-01 12:05:00,False,0.32885807711825177,0.0,"[0.0, 0.0, 0.0, 0.0, 0.0, 0.0]","{'boarding': False, 'landing': False, 'loader': False}",normal,8.0
2024-03-01 12:10:00,False,0.1833889611736361,0.0,"[0.0, 0.0, 0.0, 0.0, 0.0, 0.0]","{'boarding': False, 'landing': False, 'loader': False}",normal,6.0
2024-03-01 12:15:00,False,0.24735237846507016,0.0,"[0.0, 0.0, 0.0, 0.0, 0.0, 0.0]","{'boarding': False, 'landing': False, 'loader': False}",normal,7.0
2024-03-01 12:20:00,False,0.2457039990587674,0.0,"[0.0, 0.0, 0.0, 0.0, 0.0, 0.0]","{'boarding': False, 'landing': False, 'loader': False}",normal,7.0
2024-03-01 12:25:00,False,0.24411121094335372,0.0,"[0.0, 0.0, 0.0, 0.0, 0.0, 0.0]","{'boarding': False, 'landing': False, 'loader': False}",normal,7.0
2024-03-01 12:30:00,False,0.24257108408116046,0.0,"[0.0, 0.0, 0.0, 0.0, 0.0, 0.0]","{'boarding': False, 'landing': False, 'loader': False}",normal,7.0
2024-03-01 12:35:00,False,0.3177676516927165,0.0,"[0.0, 0.0, 0.0, 0.0, 0.0, 0.0]","{'boarding': False, 'landing': False, 'loader': False}",normal,8.0
2024-03-01 12:40:00,False,0.1753037328539598,0.0,"[0.0, 0.0, 0.0, 0.0, 0.0, 0.0]","{'boarding': False, 'landing': False, 'loader': False}",normal,6.0
2024-03-01 12:45:00,False,0.23799041234652143,0.0,"[0.0, 0.0, 0.0, 0.0, 0.0, 0.0]","{'boarding': False, 'landing': False, 'loader': False}",normal,7.0
2024-03-01 12:50:00,False,0.3128604562643334,0.0,"[0.0, 0.0, 0.0, 0.0, 0.0, 0.0]","{'boarding': False, 'landing': False, 'loader': False}",normal,8.0
2024-03-01 12:55:00,False,0.3955252623029172,0.0,"[0.0, 0.0, 0.0, 0.0, 0.0, 0.0]","{'boarding': True, 'landing': False, 'loader': False}",normal,9.0
2024-03-01 13:00:00,False,0.3041395874840905,0.0,"[0.0, 0.0, 0.0, 0.0, 0.0, 0.0]","{'boarding': False, 'landing': False, 'loader': False}",normal,8.0
2024-03-01 13:05:00,False,0.16711307898063363,0.0,"[0.0, 0.0, 0.0, 0.0, 0.0, 0.0]","{'boarding': False, 'landing': False, 'loader': False}",normal,6.0
2024-03-01 13:10:00,False,0.22744309320066794,0.0,"[0.0, 0.0, 0.0, 0.0, 0.0, 0.0]","{'boarding': False, 'landing': False, 'loader': False}",normal,7.0
2024-03-01 13:15:00,False,0.16581250249868487,0.0,"[0.0, 0.0, 0.0, 0.0, 0.0, 0.0]","{'boarding': False, 'landing': False, 'loader': False}",normal,6.0
2024-03-01 13:20:00,False,0.2999883197172261,0.0,"[0.0, 0.0, 0.0, 0.0, 0.0, 0.0]","{'boarding': False, 'landing': False, 'loader': False}",normal,8.0
2024-03-01 13:25:00,False,0.22112516585370812,0.0,"[0.0, 0.0, 0.0, 0.0, 0.0, 0.0]","{'boarding': False, 'landing': False, 'loader': False}",normal,7.0
2024-03-01 13:30:00,False,0.218727123766442,0.0,"[0.0, 0.0, 0.0, 0.0, 0.0, 0.0]","{'boarding': False, 'landing': False, 'loader': False}",normal,7.0
2024-03-01 13:35:00,False,0.216406920803164,0.0,"[0.0, 0.0, 0.0, 0.0, 0.0, 0.0]","{'boarding': False, 'landing': False, 'loader': False}",normal,7.0
2024-03-01 13:40:00,False,0.214168518540632,0.0,"[0.0, 0.0, 0.0, 0.0, 0.0, 0.0]","{'boarding': False, 'landing': False, 'loader': False}",normal,7.0
2024-03-01 13:45:00,False,0.293512002517733,0.0,"[0.0, 0.0, 0.0, 0.0, 0.0, 0.0]","{'boarding': False, 'landing': False, 'loader': False}",normal,8.0
2024-03-01 13:50:00,False,0.2087551478679938,0.0,"[0.0, 0.0, 0.0, 0.0, 0.0, 0.0]","{'boarding': False, 'landing': False, 'loader': False}",normal,7.0
2024-03-01 13:55:00,False,0.2920595405064791,0.0,"[0.0, 0.0, 0.0, 0.0, 0.0, 0.0]","{'boarding': False, 'landing': False, 'loader': False}",normal,8.0
2024-03-01 14:00:00,False,0.2910304981533229,0.0,"[0.0, 0.0, 0.0, 0.0, 0.0, 0.0]","{'boarding': False, 'landing': False, 'loader': False}",normal,8.0
2024-03-01 14:05:00,False,0.2905170683314969,0.0,"[0.0, 0.0, 0.0, 0.0, 0.0, 0.0]","{'boarding': False, 'landing': False, 'loader': False}",normal,8.0
2024-03-01 14:10:00,False,0.5232729843402337,0.0,"[0.0, 0.0, 0.0, 0.0, 0.0, 0.0]","{'boarding': False, 'landing': False, 'loader': False}",normal,10.0
2024-03-01 14:15:00,False,0.3998100242497989,0.0,"[0.0, 0.0, 0.0, 0.0, 0.0, 0.0]","{'boarding': False, 'landing': False, 'loader': False}",normal,9.0
2024-03-01 14:20:00,False,0.28413320362356137,0.0,"[0.0, 0.0, 0.0, 0.0, 0.0, 0.0]","{'boarding': False, 'landing': False, 'loader': False}",normal,8.0
2024-03-01 14:25:00,False,0.1247097629273036,0.0,"[0.0, 0.0, 0.0, 0.0, 0.0, 0.0]","{'boarding': False, 'landing': False, 'loader': False}",normal,6.0
2024-03-01 14:30:00,False,0.1831686348304909,0.0,"[0.0, 0.0, 0.0, 0.0, 0.0, 0.0]","{'boarding': False, 'landing': False, 'loader': False}",normal,7.0
2024-03-01 14:35:00,False,0.4226831116746363,0.0,"[0.0, 0.0, 0.0, 0.0, 0.0, 0.0]","{'boarding': False, 'landing': False, 'loader': False}",normal,9.0
2024-03-01 14:40:00,False,0.4203752804164814,0.0,"[0.0, 0.0, 0.0, 0.0, 0.0, 0.0]","{'boarding': False, 'landing': False, 'loader': False}",normal,9.0
2024-03-01 14:45:00,False,0.1411199843589426,0.0,"[0.0, 0.0, 0.0, 0.0, 0.0, 0.0]","{'boarding': False, 'landing': False, 'loader': False}",normal,6.0
2024-03-01 14:50:00,False,0.2764497388753377,0.0,"[0.0, 0.0, 0.0, 0.0, 0.0, 0.0]","{'boarding': False, 'landing': False, 'loader': False}",normal,8.0
2024-03-01 14:55:00,False,0.16761953867236162,0.0,"[0.0, 0.0, 0.0, 0.0, 0.0, 0.0]","{'boarding': False, 'landing': False, 'loader': False}",normal,7.0
2024-03-01 15:00:00,False,0.2707668212387184,0.0,"[0.0, 0.0, 0.0, 0.0, 0.0, 0.0]","{'boarding': False, 'landing': False, 'loader': False}",normal,8.0
2024-03-01 15:05:00,False,0.40375991187800464,0.0,"[0.0, 0.0, 0.0, 0.0, 0.0, 0.0]","{'boarding': False, 'landing': False, 'loader': False}",normal,9.0
2024-03-01 15:10:00,False,0.15854352484265227,0.0,"[0.0, 0.0, 0.0, 0.0, 0.0, 0.0]","{'boarding': False, 'landing': False, 'loader': False}",normal,7.0
2024-03-01 15:15:00,False,0.1570211025559783,0.0,"[0.0, 0.0, 0.0, 0.0, 0.0, 0.0]","{'boarding': False, 'landing': False, 'loader': False}",normal,7.0
2024-03-01 15:20:00,False,0.15550584310238966,0.0,"[0.0, 0.0, 0.0, 0.0, 0.0, 0.0]","{'boarding': False, 'landing': False, 'loader': False}",normal,7.0
2024-03-01 15:25:00,False,0.25552753166856734,0.0,"[0.0, 0.0, 0.0, 0.0, 0.0, 0.0]","{'boarding': False, 'landing': False, 'loader': False}",normal,8.0
2024-03-01 15:30:00,False,0.38593955633292454,0.0,"[0.0, 0.0, 0.0, 0.0, 0.0, 0.0]","{'boarding': False, 'landing': False, 'loader': False}",normal,9.0
2024-03-01 15:35:00,False,0.25246820001734327,0.0,"[0.0, 0.0, 0.0, 0.0, 0.0, 0.0]","{'boarding': False, 'landing': True, 'loader': True}",normal,8.0
2024-03-01 15:40:00,False,0.25507595846649794,0.0,"[0.0, 0.0, 0.0, 0.0, 0.0, 0.0]","{'boarding': False, 'landing': False, 'loader': False}",normal,8.0
2024-03-01 15:45:00,False,0.2531790959074494,0.0,"[0.0, 0.0, 0.0, 0.0, 0.0, 0.0]","{'boarding': False, 'landing': False, 'loader': False}",normal,8.0
2024-03-01 15:50:00,False,0.15234072182288924,0.0,"[0.0, 0.0, 0.0, 0.0, 0.0, 0.0]","{'boarding': False, 'landing': False, 'loader': False}",normal,7.0
2024-03-01 15:55:00,False,0.15332373079728942,0.0,"[0.0, 0.0, 0.0, 0.0, 0.0, 0.0]","{'boarding': False, 'landing': False, 'loader': False}",normal,7.0
2024-03-01 16:00:00,False,0.15432204771353272,0.0,"[0.0, 0.0, 0.0, 0.0, 0.0, 0.0]","{'boarding': False, 'landing': False, 'loader': False}",normal,7.0
2024-03-01 16:05:00,False,0.1596599313447214,0.0,"[0.0, 0.0, 0.0, 0.0, 0.0, 0.0]","{'boarding': False, 'landing': False, 'loader': False}",normal,6.0
2024-03-01 16:10:00,False,0.5489165816704638,0.0,"[0.0, 0.0, 0.0, 0.0, 0.0, 0.0]","{'boarding': False, 'landing': False, 'loader': False}",normal,10.0
2024-03-01 16:15:00,False,0.6780181310979134,0.0,"[0.0, 0.0, 0.0, 0.0, 0.0, 0.0]","{'boarding': False, 'landing': False, 'loader': False}",normal,11.0
2024-03-01 16:20:00,False,0.7692907056979714,0.0,"[0.0, 0.0, 0.0, 0.0, 0.0, 0.0]","{'boarding': False, 'landing': False, 'loader': False}",normal,12.0
2024-03-01 16:25:00,False,0.4931836169333881,0.0,"[0.0, 0.0, 0.0, 0.0, 0.0, 0.0]","{'boarding': False, 'landing': False, 'loader': False}",normal,10.0
2024-03-01 16:30:00,False,0.34853076690933127,0.0,"[0.0, 0.0, 0.0, 0.0, 0.0, 0.0]","{'boarding': False, 'landing': False, 'loader': False}",normal,9.0
2024-03-01 16:35:00,False,0.34198493338214875,0.0,"[0.0, 0.0, 0.0, 0.0, 0.0, 0.0]","{'boarding': False, 'landing': False, 'loader': False}",normal,9.0
2024-03-01 16:40:00,True,0.8008899848539331,0.0,"[0.0, 0.0, 0.0, 0.0, 0.0, 0.0]","{'boarding': False, 'landing': False, 'loader': False}",normal,13.0
2024-03-01 16:45:00,False,0.6712238820807004,0.0,"[0.0, 0.0, 0.0, 0.0, 0.0, 0.0]","{'boarding': False, 'landing': False, 'loader': False}",normal,12.0
2024-03-01 16:50:00,False,0.6466268619063285,0.0,"[0.0, 0.0, 0.0, 0.0, 0.0, 0.0]","{'boarding': False, 'landing': False, 'loader': False}",normal,12.0
2024-03-01 16:55:00,False,0.7964163925632218,0.0,"[0.0, 0.0, 0.0, 0.0, 0.0, 0.0]","{'boarding': False, 'landing': False, 'loader': False}",normal,14.0
2024-03-01 17:00:00,False,0.7608194258787907,0.0,"[0.0, 0.0, 0.0, 0.0, 0.0, 0.0]","{'boarding': False, 'landing': False, 'loader': False}",normal,14.0
2024-03-01 17:05:00,True,0.8487511538221378,0.0,"[0.0, 0.0, 0.0, 0.0, 0.0, 0.0]","{'boarding': False, 'landing': False, 'loader': False}",normal,16.0
2024-03-01 17:10:00,False,0.4971810280323965,0.0,"[0.0, 0.0, 0.0, 0.0, 0.0, 0.0]","{'boarding': False, 'landing': False, 'loader': False}",normal,12.0
2024-03-01 17:15:00,False,0.48226305032134753,0.0,"[0.0, 0.0, 0.0, 0.0, 0.0, 0.0]","{'boarding': False, 'landing': False, 'loader': False}",normal,12.0
2024-03-01 17:20:00,False,0.7248960907451363,0.0,"[0.0, 0.0, 0.0, 0.0, 0.0, 0.0]","{'boarding': False, 'landing': False, 'loader': False}",normal,15.0
2024-03-01 17:25:00,False,0.6938073342453752,0.0,"[0.0, 0.0, 0.0, 0.0, 0.0, 0.0]","{'boarding': False, 'landing': False, 'loader': False}",normal,15.0
2024-03-01 17:30:00,False,0.7323386412718377,0.0,"[0.0, 0.0, 0.0, 0.0, 0.0, 0.0]","{'boarding': False, 'landing': False, 'loader': False}",normal,16.0
2024-03-01 17:35:00,False,0.7013895935884165,0.0,"[0.0, 0.0, 0.0, 0.0, 0.0, 0.0]","{'boarding': False, 'landing': False, 'loader': False}",normal,16.0
2024-03-01 17:40:00,False,0.4473354613710012,0.0,"[0.0, 0.0, 0.0, 0.0, 0.0, 0.0]","{'boarding': False, 'landing': False, 'loader': False}",normal,13.0
2024-03-01 17:45:00,False,0.43551442740162205,0.0,"[0.0, 0.0, 0.0, 0.0, 0.0, 0.0]","{'boarding': False, 'landing': False, 'loader': False}",normal,13.0
2024-03-01 17:50:00,False,0.42459288844726584,0.0,"[0.0, 0.0, 0.0, 0.0, 0.0, 0.0]","{'boarding': False, 'landing': False, 'loader': False}",normal,13.0
2024-03-01 17:55:00,False,0.4142832590731133,0.0,"[0.0, 0.0, 0.0, 0.0, 0.0, 0.0]","{'boarding': False, 'landing': False, 'loader': False}",normal,13.0
2024-03-01 18:00:00,False,0.48077391090290955,0.0,"[0.0, 0.0, 0.0, 0.0, 0.0, 0.0]","{'boarding': False, 'landing': False, 'loader': False}",normal,14.0
2024-03-01 18:05:00,False,0.3227457413746967,0.0,"[0.0, 0.0, 0.0, 0.0, 0.0, 0.0]","{'boarding': False, 'landing': False, 'loader': False}",normal,12.0
2024-03-01 18:10:00,False,0.31710471925590733,0.0,"[0.0, 0.0, 0.0, 0.0, 0.0, 0.0]","{'boarding': False, 'landing': False, 'loader': False}",normal,12.0
2024-03-01 18:15:00,False,0.3125365466862959,0.0,"[0.0, 0.0, 0.0, 0.0, 0.0, 0.0]","{'boarding': True, 'landing': True, 'loader': True}",normal,12.0
2024-03-01 18:20:00,False,0.12873367437039349,0.0,"[0.0, 0.0, 0.0, 0.0, 0.0, 0.0]","{'boarding': False, 'landing': False, 'loader': False}",normal,8.0
2024-03-01 18:25:00,False,0.14470488336528545,0.0,"[0.0, 0.0, 0.0, 0.0, 0.0, 0.0]","{'boarding': False, 'landing': False, 'loader': False}",normal,9.0
2024-03-01 18:30:00,False,0.30695300766759165,0.0,"[0.0, 0.0, 0.0, 0.0, 0.0, 0.0]","{'boarding': False, 'landing': False, 'loader': False}",normal,12.0
2024-03-01 18:35:00,False,0.3023149435531815,0.0,"[0.0, 0.0, 0.0, 0.0, 0.0, 0.0]","{'boarding': False, 'landing': False, 'loader': False}",normal,12.0
2024-03-01 18:40:00,False,0.2978535669609156,0.0,"[0.0, 0.0, 0.0, 0.0, 0.0, 0.0]","{'boarding': False, 'landing': False, 'loader': False}",normal,12.0
2024-03-01 18:45:00,False,0.23032576640233007,0.0,"[0.0, 0.0, 0.0, 0.0, 0.0, 0.0]","{'boarding': False, 'landing': False, 'loader': False}",normal,11.0
2024-03-01 18:50:00,False,0.2900660369453124,0.0,"[0.0, 0.0, 0.0, 0.0, 0.0, 0.0]","{'boarding': False, 'landing': False, 'loader': False}",normal,12.0
2024-03-01 18:55:00,False,0.2856660044165745,0.0,"[0.0, 0.0, 0.0, 0.0, 0.0, 0.0]","{'boarding': False, 'landing': False, 'loader': False}",normal,12.0
2024-03-01 19:00:00,False,0.21975380830616542,0.0,"[0.0, 0.0, 0.0, 0.0, 0.0, 0.0]","{'boarding': False, 'landing': False, 'loader': False}",normal,11.0
2024-03-01 19:05:00,False,0.2170180816226445,0.0,"[0.0, 0.0, 0.0, 0.0, 0.0, 0.0]","{'boarding': False, 'landing': False, 'loader': False}",normal,11.0
2024-03-01 19:10:00,False,0.21436497742586677,0.0,"[0.0, 0.0, 0.0, 0.0, 0.0, 0.0]","{'boarding': False, 'landing': False, 'loader': False}",normal,11.0
2024-03-01 19:15:00,False,0.42387448243245174,0.0,"[0.0, 0.0, 0.0, 0.0, 0.0, 0.0]","{'boarding': False, 'landing': False, 'loader': False}",normal,14.0
2024-03-01 19:20:00,False,0.41601639784076516,0.0,"[0.0, 0.0, 0.0, 0.0, 0.0, 0.0]","{'boarding': False, 'landing': False, 'loader': False}",normal,14.0
2024-03-01 19:25:00,False,0.3311779823149109,0.0,"[0.0, 0.0, 0.0, 0.0, 0.0, 0.0]","{'boarding': False, 'landing': False, 'loader': False}",normal,13.0
2024-03-01 19:30:00,False,0.32532852074866153,0.0,"[0.0, 0.0, 0.0, 0.0, 0.0, 0.0]","{'boarding': False, 'landing': False, 'loader': False}",normal,13.0
2024-03-01 19:35:00,False,0.25127310312502843,0.0,"[0.0, 0.0, 0.0, 0.0, 0.0, 0.0]","{'boarding': False, 'landing': False, 'loader': False}",normal,12.0
2024-03-01 19:40:00,False,0.19021656843559573,0.0,"[0.0, 0.0, 0.0, 0.0, 0.0, 0.0]","{'boarding': False, 'landing': False, 'loader': False}",normal,11.0
2024-03-01 19:45:00,False,0.18788851881803778,0.0,"[0.0, 0.0, 0.0, 0.0, 0.0, 0.0]","{'boarding': False, 'landing': False, 'loader': False}",normal,11.0
2024-03-01 19:50:00,False,0.1385606377221353,0.0,"[0.0, 0.0, 0.0, 0.0, 0.0, 0.0]","{'boarding': False, 'landing': False, 'loader': False}",normal,10.0
2024-03-01 19:55:00,False,0.13670616842110012,0.0,"[0.0, 0.0, 0.0, 0.0, 0.0, 0.0]","{'boarding': False, 'landing': False, 'loader': False}",normal,10.0
2024-03-01 20:00:00,False,0.19275414533715107,0.0,"[0.0, 0.0, 0.0, 0.0, 0.0, 0.0]","{'boarding': False, 'landing': False, 'loader': False}",normal,8.0
2024-03-01 20:05:00,False,0.14442791083961695,0.0,"[0.0, 0.0, 0.0, 0.0, 0.0, 0.0]","{'boarding': False, 'landing': False, 'loader': False}",normal,9.0
2024-03-01 20:10:00,False,0.14602110259206816,0.0,"[0.0, 0.0, 0.0, 0.0, 0.0, 0.0]","{'boarding': False, 'landing': False, 'loader': False}",normal,9.0
2024-03-01 20:15:00,False,0.6,0.0,"[0.0, 0.0, 0.0, 0.0, 0.0, 0.0]","{'boarding': False, 'landing': False, 'loader': False}",low_activity,4.0
2024-03-01 20:20:00,False,0.6,0.0,"[0.0, 0.0, 0.0, 0.0, 0.0, 0.0]","{'boarding': False, 'landing': False, 'loader': False}",low_activity,4.0
2024-03-01 20:25:00,False,0.6,0.0,"[0.0, 0.0, 0.0, 0.0, 0.0, 0.0]","{'boarding': False, 'landing': False, 'loader': False}",low_activity,4.0
2024-03-01 20:30:00,False,0.6378051795255721,0.0,"[0.0, 0.0, 0.0, 0.0, 0.0, 0.0]","{'boarding': False, 'landing': False, 'loader': False}",low_activity,2.0
2024-03-01 20:35:00,False,0.6172200367489984,0.0,"[0.0, 0.0, 0.0, 0.0, 0.0, 0.0]","{'boarding': False, 'landing': False, 'loader': False}",low_activity,2.0
2024-03-01 20:40:00,False,0.6,0.0,"[0.0, 0.0, 0.0, 0.0, 0.0, 0.0]","{'boarding': False, 'landing': False, 'loader': False}",low_activity,2.0
2024-03-01 20:45:00,False,0.6,0.0,"[0.0, 0.0, 0.0, 0.0, 0.0, 0.0]","{'boarding': False, 'landing': False, 'loader': False}",low_activity,2.0
2024-03-01 20:50:00,False,0.6,0.0,"[0.0, 0.0, 0.0, 0.0, 0.0, 0.0]","{'boarding': False, 'landing': False, 'loader': False}",low_activity,2.0
2024-03-01 20:55:00,False,0.6,0.0,"[0.0, 0.0, 0.0, 0.0, 0.0, 0.0]","{'boarding': False, 'landing': False, 'loader': False}",low_activity,2.0
2024-03-01 21:00:00,False,0.6,0.0,"[0.0, 0.0, 0.0, 0.0, 0.0, 0.0]","{'boarding': False, 'landing': False, 'loader': False}",low_activity,3.0
2024-03-01 21:05:00,False,0.6,0.0,"[0.0, 0.0, 0.0, 0.0, 0.0, 0.0]","{'boarding': False, 'landing': False, 'loader': False}",low_activity,2.0
2024-03-01 21:10:00,False,0.6,0.0,"[0.0, 0.0, 0.0, 0.0, 0.0, 0.0]","{'boarding': False, 'landing': False, 'loader': False}",low_activity,2.0
2024-03-01 21:15:00,False,0.6,0.0,"[0.0, 0.0, 0.0, 0.0, 0.0, 0.0]","{'boarding': False, 'landing': False, 'loader': False}",low_activity,2.0
2024-03-01 21:20:00,False,0.6,0.0,"[0.0, 0.0, 0.0, 0.0, 0.0, 0.0]","{'boarding': False, 'landing': False, 'loader': False}",low_activity,2.0
2024-03-01 21:25:00,False,0.6,0.0,"[0.0, 0.0, 0.0, 0.0, 0.0, 0.0]","{'boarding': False, 'landing': False, 'loader': False}",low_activity,3.0
2024-03-01 21:30:00,False,0.6,0.0,"[0.0, 0.0, 0.0, 0.0, 0.0, 0.0]","{'boarding': False, 'landing': False, 'loader': False}",low_activity,3.0
2024-03-01 21:35:00,False,0.7,0.0,"[0.0, 0.0, 0.0, 0.0, 0.0, 0.0]","{'boarding': False, 'landing': False, 'loader': False}",low_activity,2.0
2024-03-01 21:40:00,False,0.6,0.0,"[0.0, 0.0, 0.0, 0.0, 0.0, 0.0]","{'boarding': False, 'landing': False, 'loader': False}",low_activity,2.0
2024-03-01 21:45:00,False,0.6,0.0,"[0.0, 0.0, 0.0, 0.0, 0.0, 0.0]","{'boarding': False, 'landing': False, 'loader': False}",low_activity,2.0
2024-03-01 21:50:00,False,0.6,0.0,"[0.0, 0.0, 0.0, 0.0, 0.0, 0.0]","{'boarding': False, 'landing': False, 'loader': False}",low_activity,2.0
2024-03-01 21:55:00,False,0.7,0.0,"[0.0, 0.0, 0.0, 0.0, 0.0, 0.0]","{'boarding': False, 'landing': False, 'loader': False}",low_activity,2.0
2024-03-01 22:00:00,False,0.6,0.0,"[0.0, 0.0, 0.0, 0.0, 0.0, 0.0]","{'boarding': False, 'landing': False, 'loader': False}",low_activity,1.0
2024-03-01 22:05:00,False,0.6,0.0,"[0.0, 0.0, 0.0, 0.0, 0.0, 0.0]","{'boarding': False, 'landing': False, 'loader': False}",low_activity,1.0
2024-03-01 22:10:00,False,0.6,0.0,"[0.0, 0.0, 0.0, 0.0, 0.0, 0.0]","{'boarding': False, 'landing': False, 'loader': False}",low_activity,1.0
2024-03-01 22:15:00,False,0.6,0.0,"[0.0, 0.0, 0.0, 0.0, 0.0, 0.0]","{'boarding': False, 'landing': False, 'loader': False}",low_activity,1.0
2024-03-01 22:20:00,False,0.7,0.0,"[0.0, 0.0, 0.0, 0.0, 0.0, 0.0]","{'boarding': False, 'landing': False, 'loader': False}",low_activity,2.0
2024-03-01 22:25:00,False,0.6,0.0,"[0.0, 0.0, 0.0, 0.0, 0.0, 0.0]","{'boarding': False, 'landing': False, 'loader': False}",low_activity,1.0
2024-03-01 22:30:00,False,0.7,0.0,"[0.0, 0.0, 0.0, 0.0, 0.0, 0.0]","{'boarding': False, 'landing': False, 'loader': False}",low_activity,2.0
2024-03-01 22:35:00,False,0.6,0.0,"[0.0, 0.0, 0.0, 0.0, 0.0, 0.0]","{'boarding': False, 'landing': False, 'loader': False}",low_activity,1.0
2024-03-01 22:40:00,False,0.6,0.0,"[0.0, 0.0, 0.0, 0.0, 0.0, 0.0]","{'boarding': False, 'landing': False, 'loader': False}",low_activity,1.0
2024-03-01 22:45:00,False,0.7,0.0,"[0.0, 0.0, 0.0, 0.0, 0.0, 0.0]","{'boarding': False, 'landing': False, 'loader': False}",low_activity,1.0
2024-03-01 22:50:00,False,0.7,0.0,"[0.0, 0.0, 0.0, 0.0, 0.0, 0.0]","{'boarding': False, 'landing': False, 'loader': False}",low_activity,1.0
2024-03-01 22:55:00,False,0.6,0.0,"[0.0, 0.0, 0.0, 0.0, 0.0, 0.0]","{'boarding': False, 'landing': False, 'loader': False}",low_activity,1.0
2024-03-01 23:00:00,False,0.6,0.0,"[0.0, 0.0, 0.0, 0.0, 0.0, 0.0]","{'boarding': False, 'landing': False, 'loader': False}",low_activity,1.0
2024-03-01 23:05:00,False,0.6,0.0,"[0.0, 0.0, 0.0, 0.0, 0.0, 0.0]","{'boarding': False, 'landing': False, 'loader': False}",low_activity,1.0
2024-03-01 23:10:00,False,0.6,0.0,"[0.0, 0.0, 0.0, 0.0, 0.0, 0.0]","{'boarding': False, 'landing': False, 'loader': False}",low_activity,1.0
2024-03-01 23:15:00,False,0.6,0.0,"[0.0, 0.0, 0.0, 0.0, 0.0, 0.0]","{'boarding': False, 'landing': False, 'loader': False}",low_activity,1.0
2024-03-01 23:20:00,False,0.3837796328685261,0.0,"[0.0, 0.0, 0.0, 0.0, 0.0, 0.0]","{'boarding': False, 'landing': False, 'loader': False}",low_activity,0.0
2024-03-01 23:25:00,False,0.3756218014694938,0.0,"[0.0, 0.0, 0.0, 0.0, 0.0, 0.0]","{'boarding': False, 'landing': False, 'loader': False}",low_activity,0.0
2024-03-01 23:30:00,False,0.3686044087134543,0.0,"[0.0, 0.0, 0.0, 0.0, 0.0, 0.0]","{'boarding': False, 'landing': False, 'loader': False}",low_activity,0.0
2024-03-01 23:35:00,False,0.3618910240714972,0.0,"[0.0, 0.0, 0.0, 0.0, 0.0, 0.0]","{'boarding': False, 'landing': False, 'loader': False}",low_activity,0.0
2024-03-01 23:40:00,False,0.35546140638911233,0.0,"[0.0, 0.0, 0.0, 0.0, 0.0, 0.0]","{'boarding': False, 'landing': False, 'loader': False}",low_activity,0.0
2024-03-01 23:45:00,False,0.34890034943213977,0.0,"[0.0, 0.0, 0.0, 0.0, 0.0, 0.0]","{'boarding': False, 'landing': False, 'loader': False}",low_activity,0.0
2024-03-01 23:50:00,False,0.3423454653269697,0.0,"[0.0, 0.0, 0.0, 0.0, 0.0, 0.0]","{'boarding': False, 'landing': False, 'loader': False}",low_activity,0.0
2024-03-01 23:55:00,False,0.33632736898619964,0.0,"[0.0, 0.0, 0.0, 0.0, 0.0, 0.0]","{'boarding': False, 'landing': False, 'loader': False}",low_activity,0.0
2024-03-02 00:00:00,False,0.33054996777644857,0.0,"[0.0, 0.0, 0.0, 0.0, 0.0, 0.0]","{'boarding': False, 'landing': False, 'loader': False}",low_activity,0.0
2024-03-02 00:05:00,False,0.32499791471749584,0.0,"[0.0, 0.0, 0.0, 0.0, 0.0, 0.0]","{'boarding': False, 'landing': False, 'loader': False}",low_activity,0.0
2024-03-02 00:10:00,False,0.3199884932336414,0.0,"[0.0, 0.0, 0.0, 0.0, 0.0, 0.0]","{'boarding': False, 'landing': False, 'loader': False}",low_activity,0.0
2024-03-02 00:15:00,False,0.315157160187166,0.0,"[0.0, 0.0, 0.0, 0.0, 0.0, 0.0]","{'boarding': False, 'landing': False, 'loader': False}",low_activity,0.0
2024-03-02 00:20:00,False,0.31049370205930427,0.0,"[0.0, 0.0, 0.0, 0.0, 0.0, 0.0]","{'boarding': False, 'landing': False, 'loader': False}",low_activity,0.0
2024-03-02 00:25:00,False,0.3063757541473827,0.0,"[0.0, 0.0, 0.0, 0.0, 0.0, 0.0]","{'boarding': False, 'landing': False, 'loader': False}",low_activity,0.0
2024-03-02 00:30:00,False,0.3013576138636313,0.0,"[0.0, 0.0, 0.0, 0.0, 0.0, 0.0]","{'boarding': False, 'landing': False, 'loader': False}",low_activity,0.0
2024-03-02 00:35:00,False,0.2964590089903051,0.0,"[0.0, 0.0, 0.0, 0.0, 0.0, 0.0]","{'boarding': False, 'landing': False, 'loader': False}",low_activity,0.0
2024-03-02 00:40:00,False,0.29174809707039084,0.0,"[0.0, 0.0, 0.0, 0.0, 0.0, 0.0]","{'boarding': False, 'landing': False, 'loader': False}",low_activity,0.0
2024-03-02 00:45:00,False,0.28722661400042626,0.0,"[0.0, 0.0, 0.0, 0.0, 0.0, 0.0]","{'boarding': False, 'landing': False, 'loader': False}",low_activity,0.0
2024-03-02 00:50:00,False,0.28297331807799286,0.0,"[0.0, 0.0, 0.0, 0.0, 0.0, 0.0]","{'boarding': False, 'landing': False, 'loader': False}",low_activity,0.0
2024-03-02 00:55:00,False,0.27885338591312847,0.0,"[0.0, 0.0, 0.0, 0.0, 0.0, 0.0]","{'boarding': False, 'landing': False, 'loader': False}",low_activity,0.0
2024-03-02 05:00:00,False,0.27477999374262496,0.0,"[0.0, 0.0, 0.0, 0.0, 0.0, 0.0]","{'boarding': False, 'landing': False, 'loader': False}",low_activity,0.0
2024-03-02 05:05:00,False,0.27075177855084076,0.0,"[0.0, 0.0, 0.0, 0.0, 0.0, 0.0]","{'boarding': False, 'landing': False, 'loader': False}",low_activity,0.0
2024-03-02 05:10:00,False,0.2668414189506354,0.0,"[0.0, 0.0, 0.0, 0.0, 0.0, 0.0]","{'boarding': False, 'landing': False, 'loader': False}",low_activity,0.0
2024-03-02 05:15:00,False,0.263259047805564,0.0,"[0.0, 0.0, 0.0, 0.0, 0.0, 0.0]","{'boarding': False, 'landing': False, 'loader': False}",low_activity,0.0
2024-03-02 05:20:00,False,0.25978493909948264,0.0,"[0.0, 0.0, 0.0, 0.0, 0.0, 0.0]","{'boarding': False, 'landing': False, 'loader': False}",low_activity,0.0
2024-03-02 05:25:00,False,0.2568937076274713,0.0,"[0.0, 0.0, 0.0, 0.0, 0.0, 0.0]","{'boarding': False, 'landing': False, 'loader': False}",low_activity,0.0
2024-03-02 05:30:00,False,0.7,0.0,"[0.0, 0.0, 0.0, 0.0, 0.0, 0.0]","{'boarding': False, 'landing': False, 'loader': False}",low_activity,0.0
2024-03-02 05:35:00,False,0.7,0.0,"[0.0, 0.0, 0.0, 0.0, 0.0, 0.0]","{'boarding': False, 'landing': False, 'loader': False}",low_activity,0.0
2024-03-02 05:40:00,False,0.7,0.0,"[0.0, 0.0, 0.0, 0.0, 0.0, 0.0]","{'boarding': False, 'landing': False, 'loader': False}",low_activity,0.0
2024-03-02 05:45:00,False,0.7,0.0,"[0.0, 0.0, 0.0, 0.0, 0.0, 0.0]","{'boarding': False, 'landing': False, 'loader': False}",low_activity,0.0
2024-03-02 05:50:00,False,0.7,0.0,"[0.0, 0.0, 0.0, 0.0, 0.0, 0.0]","{'boarding': False, 'landing': False, 'loader': False}",low_activity,0.0
2024-03-02 05:55:00,False,0.7,0.0,"[0.0, 0.0, 0.0, 0.0, 0.0, 0.0]","{'boarding': False, 'landing': False, 'loader': False}",low_activity,0.0
2024-03-02 06:00:00,False,0.7,0.0,"[0.0, 0.0, 0.0, 0.0, 0.0, 0.0]","{'boarding': False, 'landing': False, 'loader': False}",low_activity,0.0
2024-03-02 06:05:00,False,0.7,0.0,"[0.0, 0.0, 0.0, 0.0, 0.0, 0.0]","{'boarding': False, 'landing': False, 'loader': False}",low_activity,0.0
2024-03-02 06:10:00,False,0.7,0.0,"[0.0, 0.0, 0.0, 0.0, 0.0, 0.0]","{'boarding': False, 'landing': False, 'loader': False}",low_activity,0.0
2024-03-02 06:15:00,False,0.7,0.0,"[0.0, 0.0, 0.0, 0.0, 0.0, 0.0]","{'boarding': False, 'landing': False, 'loader': False}",low_activity,0.0
2024-03-02 06:20:00,False,0.7,0.0,"[0.0, 0.0, 0.0, 0.0, 0.0, 0.0]","{'boarding': False, 'landing': False, 'loader': False}",low_activity,0.0
2024-03-02 06:25:00,False,0.7,0.0,"[0.0, 0.0, 0.0, 0.0, 0.0, 0.0]","{'boarding': False, 'landing': False, 'loader': False}",low_activity,0.0
2024-03-02 06:30:00,False,0.22093099963287946,0.0,"[0.0, 0.0, 0.0, 0.0, 0.0, 0.0]","{'boarding': False, 'landing': False, 'loader': False}",low_activity,0.0
2024-03-02 06:35:00,False,0.2183692524204003,0.0,"[0.0, 0.0, 0.0, 0.0, 0.0, 0.0]","{'boarding': False, 'landing': False, 'loader': False}",low_activity,0.0
2024-03-02 06:40:00,False,0.7,0.0,"[0.0, 0.0, 0.0, 0.0, 0.0, 0.0]","{'boarding': False, 'landing': False, 'loader': False}",low_activity,0.0
2024-03-02 06:45:00,False,0.7,0.0,"[0.0, 0.0, 0.0, 0.0, 0.0, 0.0]","{'boarding': False, 'landing': False, 'loader': False}",low_activity,0.0
2024-03-02 06:50:00,False,0.7,0.0,"[0.0, 0.0, 0.0, 0.0, 0.0, 0.0]","{'boarding': False, 'landing': False, 'loader': False}",low_activity,0.0
2024-03-02 06:55:00,False,0.6,0.0,"[0.0, 0.0, 0.0, 0.0, 0.0, 0.0]","{'boarding': False, 'landing': False, 'loader': False}",low_activity,1.0
2024-03-02 07:00:00,False,0.6,0.0,"[0.0, 0.0, 0.0, 0.0, 0.0, 0.0]","{'boarding': False, 'landing': False, 'loader': False}",low_activity,1.0
2024-03-02 07:05:00,False,0.6,0.0,"[0.0, 0.0, 0.0, 0.0, 0.0, 0.0]","{'boarding': False, 'landing': False, 'loader': False}",low_activity,1.0
2024-03-02 07:10:00,False,0.6,0.0,"[0.0, 0.0, 0.0, 0.0, 0.0, 0.0]","{'boarding': False, 'landing': False, 'loader': False}",low_activity,1.0
2024-03-02 07:15:00,False,0.6,0.0,"[0.0, 0.0, 0.0, 0.0, 0.0, 0.0]","{'boarding': False, 'landing': False, 'loader': False}",low_activity,1.0
2024-03-02 07:20:00,False,0.6,0.0,"[0.0, 0.0, 0.0, 0.0, 0.0, 0.0]","{'boarding': False, 'landing': False, 'loader': False}",low_activity,1.0
2024-03-02 07:25:00,False,0.6,0.0,"[0.0, 0.0, 0.0, 0.0, 0.0, 0.0]","{'boarding': False, 'landing': False, 'loader': False}",low_activity,1.0
2024-03-02 07:30:00,False,0.6,0.0,"[0.0, 0.0, 0.0, 0.0, 0.0, 0.0]","{'boarding': False, 'landing': False, 'loader': False}",low_activity,1.0
2024-03-02 07:35:00,False,0.6,0.0,"[0.0, 0.0, 0.0, 0.0, 0.0, 0.0]","{'boarding': False, 'landing': False, 'loader': False}",low_activity,1.0
2024-03-02 07:40:00,False,0.6,0.0,"[0.0, 0.0, 0.0, 0.0, 0.0, 0.0]","{'boarding': False, 'landing': False, 'loader': False}",low_activity,2.0
2024-03-02 07:45:00,False,0.6,0.0,"[0.0, 0.0, 0.0, 0.0, 0.0, 0.0]","{'boarding': False, 'landing': False, 'loader': False}",low_activity,2.0
2024-03-02 07:50:00,False,0.6,0.0,"[0.0, 0.0, 0.0, 0.0, 0.0, 0.0]","{'boarding': False, 'landing': False, 'loader': False}",low_activity,2.0
2024-03-02 07:55:00,False,0.6,0.0,"[0.0, 0.0, 0.0, 0.0, 0.0, 0.0]","{'boarding': False, 'landing': False, 'loader': False}",low_activity,2.0
2024-03-02 08:00:00,False,0.6,0.0,"[0.0, 0.0, 0.0, 0.0, 0.0, 0.0]","{'boarding': False, 'landing': False, 'loader': False}",low_activity,2.0
2024-03-02 08:05:00,False,0.6,0.0,"[0.0, 0.0, 0.0, 0.0, 0.0, 0.0]","{'boarding': False, 'landing': False, 'loader': False}",low_activity,2.0
2024-03-02 08:10:00,False,0.6,0.0,"[0.0, 0.0, 0.0, 0.0, 0.0, 0.0]","{'boarding': False, 'landing': False, 'loader': False}",low_activity,2.0
2024-03-02 08:15:00,False,0.2818742115894979,0.0,"[0.0, 0.0, 0.0, 0.0, 0.0, 0.0]","{'boarding': False, 'landing': False, 'loader': False}",low_activity,3.0
2024-03-02 08:20:00,False,0.6,0.0,"[0.0, 0.0, 0.0, 0.0, 0.0, 0.0]","{'boarding': False, 'landing': False, 'loader': False}",low_activity,2.0
2024-03-02 08:25:00,False,0.6,0.0,"[0.0, 0.0, 0.0, 0.0, 0.0, 0.0]","{'boarding': False, 'landing': False, 'loader': False}",low_activity,2.0
2024-03-02 08:30:00,False,0.6,0.0,"[0.0, 0.0, 0.0, 0.0, 0.0, 0.0]","{'boarding': False, 'landing': False, 'loader': False}",low_activity,2.0
2024-03-02 08:35:00,False,0.6,0.0,"[0.0, 0.0, 0.0, 0.0, 0.0, 0.0]","{'boarding': False, 'landing': False, 'loader': False}",low_activity,2.0
2024-03-02 08:40:00,False,0.6,0.0,"[0.0, 0.0, 0.0, 0.0, 0.0, 0.0]","{'boarding': False, 'landing': False, 'loader': False}",low_activity,2.0
2024-03-02 08:45:00,False,0.2920526306474324,0.0,"[0.0, 0.0, 0.0, 0.0, 0.0, 0.0]","{'boarding': False, 'landing': False, 'loader': False}",low_activity,2.0
2024-03-02 08:50:00,False,0.6,0.0,"[0.0, 0.0, 0.0, 0.0, 0.0, 0.0]","{'boarding': False, 'landing': False, 'loader': False}",low_activity,1.0
2024-03-02 08:55:00,False,0.6,0.0,"[0.0, 0.0, 0.0, 0.0, 0.0, 0.0]","{'boarding': False, 'landing': False, 'loader': True}",low_activity,1.0
2024-03-02 09:00:00,False,0.6,0.0,"[0.0, 0.0, 0.0, 0.0, 0.0, 0.0]","{'boarding': False, 'landing': False, 'loader': False}",low_activity,1.0
2024-03-02 09:05:00,False,0.6,0.0,"[0.0, 0.0, 0.0, 0.0, 0.0, 0.0]","{'boarding': False, 'landing': False, 'loader': False}",low_activity,1.0
2024-03-02 09:10:00,False,0.6,0.0,"[0.0, 0.0, 0.0, 0.0, 0.0, 0.0]","{'boarding': False, 'landing': False, 'loader': False}",low_activity,1.0
2024-03-02 09:15:00,False,0.26279262572116874,0.0,"[0.0, 0.0, 0.0, 0.0, 0.0, 0.0]","{'boarding': False, 'landing': False, 'loader': False}",low_activity,0.0
2024-03-02 09:20:00,False,0.6,0.0,"[0.0, 0.0, 0.0, 0.0, 0.0, 0.0]","{'boarding': False, 'landing': False, 'loader': False}",low_activity,1.0
2024-03-02 09:25:00,False,0.6,0.0,"[0.0, 0.0, 0.0, 0.0, 0.0, 0.0]","{'boarding': False, 'landing': False, 'loader': False}",low_activity,1.0
2024-03-02 09:30:00,False,0.6,0.0,"[0.0, 0.0, 0.0, 0.0, 0.0, 0.0]","{'boarding': False, 'landing': False, 'loader': False}",low_activity,1.0
2024-03-02 09:35:00,False,0.6,0.0,"[0.0, 0.0, 0.0, 0.0, 0.0, 0.0]","{'boarding': False, 'landing': False, 'loader': False}",low_activity,1.0
2024-03-02 09:40:00,False,0.6,0.0,"[0.0, 0.0, 0.0, 0.0, 0.0, 0.0]","{'boarding': False, 'landing': False, 'loader': False}",low_activity,1.0
2024-03-02 09:45:00,False,0.6,0.0,"[0.0, 0.0, 0.0, 0.0, 0.0, 0.0]","{'boarding': False, 'landing': False, 'loader': False}",low_activity,1.0
2024-03-02 09:50:00,False,0.6,0.0,"[0.0, 0.0, 0.0, 0.0, 0.0, 0.0]","{'boarding': False, 'landing': False, 'loader': False}",low_activity,1.0
2024-03-02 09:55:00,False,0.6,0.0,"[0.0, 0.0, 0.0, 0.0, 0.0, 0.0]","{'boarding': False, 'landing': False, 'loader': False}",low_activity,1.0
2024-03-02 10:00:00,False,0.6,0.0,"[0.0, 0.0, 0.0, 0.0, 0.0, 0.0]","{'boarding': False, 'landing': False, 'loader': False}",low_activity,1.0
2024-03-02 10:05:00,False,0.6,0.0,"[0.0, 0.0, 0.0, 0.0, 0.0, 0.0]","{'boarding': False, 'landing': False, 'loader': False}",low_activity,1.0
2024-03-02 10:10:00,False,0.6,0.0,"[0.0, 0.0, 0.0, 0.0, 0.0, 0.0]","{'boarding': False, 'landing': False, 'loader': False}",low_activity,1.0
2024-03-02 10:15:00,False,0.6,0.0,"[0.0, 0.0, 0.0, 0.0, 0.0, 0.0]","{'boarding': False, 'landing': False, 'loader': False}",low_activity,1.0
2024-03-02 10:20:00,False,0.6,0.0,"[0.0, 0.0, 0.0, 0.0, 0.0, 0.0]","{'boarding': False, 'landing': False, 'loader': False}",low_activity,1.0
2024-03-02 10:25:00,False,0.6,0.0,"[0.0, 0.0, 0.0, 0.0, 0.0, 0.0]","{'boarding': False, 'landing': False, 'loader': False}",low_activity,1.0
2024-03-02 10:30:00,False,0.6,0.0,"[0.0, 0.0, 0.0, 0.0, 0.0, 0.0]","{'boarding': False, 'landing': False, 'loader': False}",low_activity,1.0
2024-03-02 10:35:00,False,0.6,0.0,"[0.0, 0.0, 0.0, 0.0, 0.0, 0.0]","{'boarding': False, 'landing': False, 'loader': False}",low_activity,1.0
2024-03-02 10:40:00,False,0.6,0.0,"[0.0, 0.0, 0.0, 0.0, 0.0, 0.0]","{'boarding': False, 'landing': False, 'loader': False}",low_activity,2.0
2024-03-02 10:45:00,False,0.6,0.0,"[0.0, 0.0, 0.0, 0.0, 0.0, 0.0]","{'boarding': False, 'landing': False, 'loader': False}",low_activity,2.0
2024-03-02 10:50:00,False,0.6,0.0,"[0.0, 0.0, 0.0, 0.0, 0.0, 0.0]","{'boarding': False, 'landing': False, 'loader': False}",low_activity,1.0
2024-03-02 10:55:00,False,0.6,0.0,"[0.0, 0.0, 0.0, 0.0, 0.0, 0.0]","{'boarding': False, 'landing': False, 'loader': False}",low_activity,1.0
2024-03-02 11:00:00,False,0.6,0.0,"[0.0, 0.0, 0.0, 0.0, 0.0, 0.0]","{'boarding': False, 'landing': False, 'loader': False}",low_activity,1.0
2024-03-02 11:05:00,False,0.6,0.0,"[0.0, 0.0, 0.0, 0.0, 0.0, 0.0]","{'boarding': False, 'landing': False, 'loader': False}",low_activity,2.0
2024-03-02 11:10:00,False,0.6983204447810164,0.0,"[0.0, 0.0, 0.0, 0.0, 0.0, 0.0]","{'boarding': False, 'landing': False, 'loader': False}",low_activity,3.0
2024-03-02 11:15:00,False,0.6701644761308992,0.0,"[0.0, 0.0, 0.0, 0.0, 0.0, 0.0]","{'boarding': False, 'landing': False, 'loader': False}",low_activity,3.0
2024-03-02 11:20:00,False,0.6439901115755504,0.0,"[0.0, 0.0, 0.0, 0.0, 0.0, 0.0]","{'boarding': False, 'landing': False, 'loader': False}",low_activity,3.0
2024-03-02 11:25:00,False,0.6196873362463403,0.0,"[0.0, 0.0, 0.0, 0.0, 0.0, 0.0]","{'boarding': False, 'landing': False, 'loader': False}",low_activity,3.0
2024-03-02 11:30:00,False,0.6,0.0,"[0.0, 0.0, 0.0, 0.0, 0.0, 0.0]","{'boarding': False, 'landing': False, 'loader': False}",low_activity,3.0
2024-03-02 11:35:00,False,0.6,0.0,"[0.0, 0.0, 0.0, 0.0, 0.0, 0.0]","{'boarding': True, 'landing': False, 'loader': False}",low_activity,3.0
2024-03-02 11:40:00,False,0.6,0.0,"[0.0, 0.0, 0.0, 0.0, 0.0, 0.0]","{'boarding': False, 'landing': False, 'loader': False}",low_activity,2.0
2024-03-02 11:45:00,False,0.6,0.0,"[0.0, 0.0, 0.0, 0.0, 0.0, 0.0]","{'boarding': False, 'landing': False, 'loader': False}",low_activity,2.0
2024-03-02 11:50:00,False,0.6,0.0,"[0.0, 0.0, 0.0, 0.0, 0.0, 0.0]","{'boarding': False, 'landing': False, 'loader': False}",low_activity,3.0
2024-03-02 11:55:00,False,0.6,0.0,"[0.0, 0.0, 0.0, 0.0, 0.0, 0.0]","{'boarding': False, 'landing': False, 'loader': False}",low_activity,3.0
2024-03-02 12:00:00,False,0.6,0.0,"[0.0, 0.0, 0.0, 0.0, 0.0, 0.0]","{'boarding': False, 'landing': False, 'loader': False}",low_activity,3.0
2024-03-02 12:05:00,False,0.6,0.0,"[0.0, 0.0, 0.0, 0.0, 0.0, 0.0]","{'boarding': False, 'landing': False, 'loader': False}",low_activity,3.0
2024-03-02 12:10:00,False,0.6,0.0,"[0.0, 0.0, 0.0, 0.0, 0.0, 0.0]","{'boarding': False, 'landing': False, 'loader': False}",low_activity,2.0
2024-03-02 12:15:00,False,0.6,0.0,"[0.0, 0.0, 0.0, 0.0, 0.0, 0.0]","{'boarding': False, 'landing': False, 'loader': False}",low_activity,3.0
2024-03-02 12:20:00,False,0.6,0.0,"[0.0, 0.0, 0.0, 0.0, 0.0, 0.0]","{'boarding': False, 'landing': False, 'loader': False}",low_activity,3.0
2024-03-02 12:25:00,False,0.6,0.0,"[0.0, 0.0, 0.0, 0.0, 0.0, 0.0]","{'boarding': False, 'landing': False, 'loader': False}",low_activity,3.0
2024-03-02 12:30:00,False,0.6,0.0,"[0.0, 0.0, 0.0, 0.0, 0.0, 0.0]","{'boarding': False, 'landing': False, 'loader': False}",low_activity,3.0
2024-03-02 12:35:00,False,0.6,0.0,"[0.0, 0.0, 0.0, 0.0, 0.0, 0.0]","{'boarding': False, 'landing': False, 'loader': False}",low_activity,3.0
2024-03-02 12:40:00,False,0.6,0.0,"[0.0, 0.0, 0.0, 0.0, 0.0, 0.0]","{'boarding': False, 'landing': False, 'loader': False}",low_activity,3.0
2024-03-02 12:45:00,False,0.6,0.0,"[0.0, 0.0, 0.0, 0.0, 0.0, 0.0]","{'boarding': False, 'landing': False, 'loader': False}",low_activity,3.0
2024-03-02 12:50:00,False,0.6,0.0,"[0.0, 0.0, 0.0, 0.0, 0.0, 0.0]","{'boarding': False, 'landing': False, 'loader': False}",low_activity,3.0
2024-03-02 12:55:00,False,0.6,0.0,"[0.0, 0.0, 0.0, 0.0, 0.0, 0.0]","{'boarding': False, 'landing': False, 'loader': False}",low_activity,3.0
2024-03-02 13:00:00,False,0.6,0.0,"[0.0, 0.0, 0.0, 0.0, 0.0, 0.0]","{'boarding': False, 'landing': False, 'loader': False}",low_activity,3.0
2024-03-02 13:05:00,False,0.6,0.0,"[0.0, 0.0, 0.0, 0.0, 0.0, 0.0]","{'boarding': False, 'landing': False, 'loader': False}",low_activity,3.0
2024-03-02 13:10:00,False,0.6,0.0,"[0.0, 0.0, 0.0, 0.0, 0.0, 0.0]","{'boarding': False, 'landing': False, 'loader': False}",low_activity,3.0
2024-03-02 13:15:00,False,0.6,0.0,"[0.0, 0.0, 0.0, 0.0, 0.0, 0.0]","{'boarding': False, 'landing': False, 'loader': False}",low_activity,2.0
2024-03-02 13:20:00,False,0.6,0.0,"[0.0, 0.0, 0.0, 0.0, 0.0, 0.0]","{'boarding': False, 'landing': False, 'loader': False}",low_activity,3.0
2024-03-02 13:25:00,False,0.6,0.0,"[0.0, 0.0, 0.0, 0.0, 0.0, 0.0]","{'boarding': False, 'landing': False, 'loader': False}",low_activity,4.0
2024-03-02 13:30:00,False,0.6,0.0,"[0.0, 0.0, 0.0, 0.0, 0.0, 0.0]","{'boarding': False, 'landing': False, 'loader': False}",low_activity,4.0
2024-03-02 13:35:00,False,0.6,0.0,"[0.0, 0.0, 0.0, 0.0, 0.0, 0.0]","{'boarding': False, 'landing': False, 'loader': False}",low_activity,3.0
2024-03-02 13:40:00,False,0.6,0.0,"[0.0, 0.0, 0.0, 0.0, 0.0, 0.0]","{'boarding': False, 'landing': False, 'loader': False}",low_activity,3.0
2024-03-02 13:45:00,False,0.6,0.0,"[0.0, 0.0, 0.0, 0.0, 0.0, 0.0]","{'boarding': False, 'landing': False, 'loader': False}",low_activity,3.0
2024-03-02 13:50:00,False,0.6,0.0,"[0.0, 0.0, 0.0, 0.0, 0.0, 0.0]","{'boarding': False, 'landing': False, 'loader': False}",low_activity,3.0
2024-03-02 13:55:00,False,0.6,0.0,"[0.0, 0.0, 0.0, 0.0, 0.0, 0.0]","{'boarding': False, 'landing': False, 'loader': False}",low_activity,3.0
2024-03-02 14:00:00,False,0.6,0.0,"[0.0, 0.0, 0.0, 0.0, 0.0, 0.0]","{'boarding': False, 'landing': False, 'loader': False}",low_activity,3.0
2024-03-02 14:05:00,False,0.6,0.0,"[0.0, 0.0, 0.0, 0.0, 0.0, 0.0]","{'boarding': False, 'landing': False, 'loader': False}",low_activity,3.0
2024-03-02 14:10:00,False,0.6,0.0,"[0.0, 0.0, 0.0, 0.0, 0.0, 0.0]","{'boarding': False, 'landing': False, 'loader': False}",low_activity,3.0
2024-03-02 14:15:00,False,0.6,0.0,"[0.0, 0.0, 0.0, 0.0, 0.0, 0.0]","{'boarding': True, 'landing': False, 'loader': True}",low_activity,3.0
2024-03-02 14:20:00,False,0.6,0.0,"[0.0, 0.0, 0.0, 0.0, 0.0, 0.0]","{'boarding': False, 'landing': False, 'loader': False}",low_activity,2.0
2024-03-02 14:25:00,False,0.6,0.0,"[0.0, 0.0, 0.0, 0.0, 0.0, 0.0]","{'boarding': False, 'landing': False, 'loader': False}",low_activity,2.0
2024-03-02 14:30:00,False,0.6,0.0,"[0.0, 0.0, 0.0, 0.0, 0.0, 0.0]","{'boarding': False, 'landing': False, 'loader': False}",low_activity,1.0
2024-03-02 14:35:00,False,0.6,0.0,"[0.0, 0.0, 0.0, 0.0, 0.0, 0.0]","{'boarding': False, 'landing': False, 'loader': False}",low_activity,1.0
2024-03-02 14:40:00,False,0.6,0.0,"[0.0, 0.0, 0.0, 0.0, 0.0, 0.0]","{'boarding': False, 'landing': False, 'loader': False}",low_activity,1.0
2024-03-02 14:45:00,False,0.6,0.0,"[0.0, 0.0, 0.0, 0.0, 0.0, 0.0]","{'boarding': False, 'landing': False, 'loader': False}",low_activity,2.0
2024-03-02 14:50:00,False,0.6,0.0,"[0.0, 0.0, 0.0, 0.0, 0.0, 0.0]","{'boarding': False, 'landing': False, 'loader': False}",low_activity,2.0
2024-03-02 14:55:00,False,0.6,0.0,"[0.0, 0.0, 0.0, 0.0, 0.0, 0.0]","{'boarding': False, 'landing': False, 'loader': False}",low_activity,2.0
2024-03-02 15:00:00,False,0.6,0.0,"[0.0, 0.0, 0.0, 0.0, 0.0, 0.0]","{'boarding': False, 'landing': False, 'loader': False}",low_activity,2.0
2024-03-02 15:05:00,False,0.6,0.0,"[0.0, 0.0, 0.0, 0.0, 0.0, 0.0]","{'boarding': False, 'landing': False, 'loader': False}",low_activity,3.0
2024-03-02 15:10:00,False,0.6,0.0,"[0.0, 0.0, 0.0, 0.0, 0.0, 0.0]","{'boarding': False, 'landing': False, 'loader': False}",low_activity,3.0
2024-03-02 15:15:00,False,0.6,0.0,"[0.0, 0.0, 0.0, 0.0, 0.0, 0.0]","{'boarding': False, 'landing': False, 'loader': False}",low_activity,2.0
2024-03-02 15:20:00,False,0.6,0.0,"[0.0, 0.0, 0.0, 0.0, 0.0, 0.0]","{'boarding': False, 'landing': False, 'loader': False}",low_activity,2.0
2024-03-02 15:25:00,False,0.6,0.0,"[0.0, 0.0, 0.0, 0.0, 0.0, 0.0]","{'boarding': False, 'landing': False, 'loader': False}",low_activity,2.0
2024-03-02 15:30:00,False,0.6,0.0,"[0.0, 0.0, 0.0, 0.0, 0.0, 0.0]","{'boarding': False, 'landing': False, 'loader': False}",low_activity,2.0
2024-03-02 15:35:00,False,0.6,0.0,"[0.0, 0.0, 0.0, 0.0, 0.0, 0.0]","{'boarding': False, 'landing': False, 'loader': False}",low_activity,2.0
2024-03-02 15:40:00,False,0.6,0.0,"[0.0, 0.0, 0.0, 0.0, 0.0, 0.0]","{'boarding': False, 'landing': False, 'loader': False}",low_activity,2.0
2024-03-02 15:45:00,False,0.6,0.0,"[0.0, 0.0, 0.0, 0.0, 0.0, 0.0]","{'boarding': False, 'landing': False, 'loader': False}",low_activity,3.0
2024-03-02 15:50:00,False,0.6,0.0,"[0.0, 0.0, 0.0, 0.0, 0.0, 0.0]","{'boarding': False, 'landing': False, 'loader': False}",low_activity,3.0
2024-03-02 15:55:00,False,0.6,0.0,"[0.0, 0.0, 0.0, 0.0, 0.0, 0.0]","{'boarding': False, 'landing': False, 'loader': False}",low_activity,3.0
2024-03-02 16:00:00,False,0.6,0.0,"[0.0, 0.0, 0.0, 0.0, 0.0, 0.0]","{'boarding': False, 'landing': False, 'loader': False}",low_activity,1.0
2024-03-02 16:05:00,False,0.6,0.0,"[0.0, 0.0, 0.0, 0.0, 0.0, 0.0]","{'boarding': False, 'landing': False, 'loader': False}",low_activity,1.0
2024-03-02 16:10:00,False,0.6,0.0,"[0.0, 0.0, 0.0, 0.0, 0.0, 0.0]","{'boarding': False, 'landing': False, 'loader': False}",low_activity,1.0
2024-03-02 16:15:00,False,0.6,0.0,"[0.0, 0.0, 0.0, 0.0, 0.0, 0.0]","{'boarding': False, 'landing': False, 'loader': False}",low_activity,2.0
2024-03-02 16:20:00,False,0.6,0.0,"[0.0, 0.0, 0.0, 0.0, 0.0, 0.0]","{'boarding': False, 'landing': False, 'loader': False}",low_activity,2.0
2024-03-02 16:25:00,False,0.6,0.0,"[0.0, 0.0, 0.0, 0.0, 0.0, 0.0]","{'boarding': False, 'landing': False, 'loader': False}",low_activity,2.0
2024-03-02 16:30:00,False,0.6,0.0,"[0.0, 0.0, 0.0, 0.0, 0.0, 0.0]","{'boarding': False, 'landing': False, 'loader': False}",low_activity,2.0
2024-03-02 16:35:00,False,0.6,0.0,"[0.0, 0.0, 0.0, 0.0, 0.0, 0.0]","{'boarding': False, 'landing': False, 'loader': False}",low_activity,2.0
2024-03-02 16:40:00,False,0.6,0.0,"[0.0, 0.0, 0.0, 0.0, 0.0, 0.0]","{'boarding': False, 'landing': False, 'loader': False}",low_activity,2.0
2024-03-02 16:45:00,False,0.6,0.0,"[0.0, 0.0, 0.0, 0.0, 0.0, 0.0]","{'boarding': False, 'landing': False, 'loader': False}",low_activity,1.0
2024-03-02 16:50:00,False,0.6,0.0,"[0.0, 0.0, 0.0, 0.0, 0.0, 0.0]","{'boarding': False, 'landing': False, 'loader': False}",low_activity,1.0
2024-03-02 16:55:00,False,0.6,0.0,"[0.0, 0.0, 0.0, 0.0, 0.0, 0.0]","{'boarding': False, 'landing': False, 'loader': False}",low_activity,2.0
2024-03-02 17:00:00,False,0.6,0.0,"[0.0, 0.0, 0.0, 0.0, 0.0, 0.0]","{'boarding': False, 'landing': False, 'loader': False}",low_activity,2.0
2024-03-02 17:05:00,False,0.6,0.0,"[0.0, 0.0, 0.0, 0.0, 0.0, 0.0]","{'boarding': False, 'landing': False, 'loader': False}",low_activity,2.0
2024-03-02 17:10:00,False,0.6,0.0,"[0.0, 0.0, 0.0, 0.0, 0.0, 0.0]","{'boarding': False, 'landing': False, 'loader': False}",low_activity,3.0
2024-03-02 17:15:00,False,0.6,0.0,"[0.0, 0.0, 0.0, 0.0, 0.0, 0.0]","{'boarding': False, 'landing': False, 'loader': False}",low_activity,2.0
2024-03-02 17:20:00,False,0.6,0.0,"[0.0, 0.0, 0.0, 0.0, 0.0, 0.0]","{'boarding': False, 'landing': False, 'loader': False}",low_activity,2.0
2024-03-02 17:25:00,False,0.6,0.0,"[0.0, 0.0, 0.0, 0.0, 0.0, 0.0]","{'boarding': False, 'landing': False, 'loader': False}",low_activity,2.0
2024-03-02 17:30:00,False,0.6,0.0,"[0.0, 0.0, 0.0, 0.0, 0.0, 0.0]","{'boarding': False, 'landing': False, 'loader': False}",low_activity,2.0
2024-03-02 17:35:00,False,0.6,0.0,"[0.0, 0.0, 0.0, 0.0, 0.0, 0.0]","{'boarding': False, 'landing': False, 'loader': False}",low_activity,2.0
2024-03-02 17:40:00,False,0.6,0.0,"[0.0, 0.0, 0.0, 0.0, 0.0, 0.0]","{'boarding': False, 'landing': False, 'loader': False}",low_activity,2.0
2024-03-02 17:45:00,False,0.6,0.0,"[0.0, 0.0, 0.0, 0.0, 0.0, 0.0]","{'boarding': False, 'landing': False, 'loader': False}",low_activity,2.0
2024-03-02 17:50:00,False,0.6,0.0,"[0.0, 0.0, 0.0, 0.0, 0.0, 0.0]","{'boarding': False, 'landing': False, 'loader': False}",low_activity,2.0
2024-03-02 17:55:00,False,0.6,0.0,"[0.0, 0.0, 0.0, 0.0, 0.0, 0.0]","{'boarding': False, 'landing': False, 'loader': False}",low_activity,1.0
2024-03-02 18:00:00,False,0.6,0.0,"[0.0, 0.0, 0.0, 0.0, 0.0, 0.0]","{'boarding': False, 'landing': False, 'loader': False}",low_activity,2.0
2024-03-02 18:05:00,False,0.6,0.0,"[0.0, 0.0, 0.0, 0.0, 0.0, 0.0]","{'boarding': False, 'landing': False, 'loader': False}",low_activity,2.0
2024-03-02 18:10:00,False,0.6,0.0,"[0.0, 0.0, 0.0, 0.0, 0.0, 0.0]","{'boarding': False, 'landing': False, 'loader': False}",low_activity,1.0
2024-03-02 18:15:00,False,0.6,0.0,"[0.0, 0.0, 0.0, 0.0, 0.0, 0.0]","{'boarding': False, 'landing': False, 'loader': False}",low_activity,1.0
2024-03-02 18:20:00,False,0.6,0.0,"[0.0, 0.0, 0.0, 0.0, 0.0, 0.0]","{'boarding': False, 'landing': False, 'loader': False}",low_activity,2.0
2024-03-02 18:25:00,False,0.6,0.0,"[0.0, 0.0, 0.0, 0.0, 0.0, 0.0]","{'boarding': False, 'landing': False, 'loader': False}",low_activity,3.0
2024-03-02 18:30:00,False,0.6,0.0,"[0.0, 0.0, 0.0, 0.0, 0.0, 0.0]","{'boarding': False, 'landing': False, 'loader': False}",low_activity,3.0
2024-03-02 18:35:00,False,0.6,0.0,"[0.0, 0.0, 0.0, 0.0, 0.0, 0.0]","{'boarding': False, 'landing': False, 'loader': False}",low_activity,3.0
2024-03-02 18:40:00,False,0.6,0.0,"[0.0, 0.0, 0.0, 0.0, 0.0, 0.0]","{'boarding': False, 'landing': False, 'loader': False}",low_activity,3.0
2024-03-02 18:45:00,False,0.6,0.0,"[0.0, 0.0, 0.0, 0.0, 0.0, 0.0]","{'boarding': False, 'landing': False, 'loader': False}",low_activity,3.0
2024-03-02 18:50:00,False,0.6,0.0,"[0.0, 0.0, 0.0, 0.0, 0.0, 0.0]","{'boarding': False, 'landing': False, 'loader': False}",low_activity,3.0
2024-03-02 18:55:00,False,0.6,0.0,"[0.0, 0.0, 0.0, 0.0, 0.0, 0.0]","{'boarding': False, 'landing': False, 'loader': False}",low_activity,3.0
2024-03-02 19:00:00,False,0.6,0.0,"[0.0, 0.0, 0.0, 0.0, 0.0, 0.0]","{'boarding': False, 'landing': False, 'loader': False}",low_activity,3.0
2024-03-02 19:05:00,False,0.6,0.0,"[0.0, 0.0, 0.0, 0.0, 0.0, 0.0]","{'boarding': False, 'landing': False, 'loader': False}",low_activity,3.0
2024-03-02 19:10:00,False,0.6,0.0,"[0.0, 0.0, 0.0, 0.0, 0.0, 0.0]","{'boarding': False, 'landing': False, 'loader': False}",low_activity,3.0
2024-03-02 19:15:00,False,0.6,0.0,"[0.0, 0.0, 0.0, 0.0, 0.0, 0.0]","{'boarding': False, 'landing': False, 'loader': False}",low_activity,3.0
2024-03-02 19:20:00,False,0.6,0.0,"[0.0, 0.0, 0.0, 0.0, 0.0, 0.0]","{'boarding': False, 'landing': False, 'loader': False}",low_activity,2.0
2024-03-02 19:25:00,False,0.6,0.0,"[0.0, 0.0, 0.0, 0.0, 0.0, 0.0]","{'boarding': False, 'landing': False, 'loader': False}",low_activity,1.0
2024-03-02 19:30:00,False,0.6,0.0,"[0.0, 0.0, 0.0, 0.0, 0.0, 0.0]","{'boarding': False, 'landing': False, 'loader': False}",low_activity,1.0
2024-03-02 19:35:00,False,0.6,0.0,"[0.0, 0.0, 0.0, 0.0, 0.0, 0.0]","{'boarding': False, 'landing': False, 'loader': False}",low_activity,2.0
2024-03-02 19:40:00,False,0.6,0.0,"[0.0, 0.0, 0.0, 0.0, 0.0, 0.0]","{'boarding': False, 'landing': False, 'loader': False}",low_activity,3.0
2024-03-02 19:45:00,False,0.6,0.0,"[0.0, 0.0, 0.0, 0.0, 0.0, 0.0]","{'boarding': False, 'landing': False, 'loader': False}",low_activity,4.0
2024-03-02 19:50:00,False,0.6,0.0,"[0.0, 0.0, 0.0, 0.0, 0.0, 0.0]","{'boarding': False, 'landing': False, 'loader': False}",low_activity,4.0
2024-03-02 19:55:00,False,0.6,0.0,"[0.0, 0.0, 0.0, 0.0, 0.0, 0.0]","{'boarding': False, 'landing': False, 'loader': False}",low_activity,4.0
2024-03-02 20:00:00,False,0.6,0.0,"[0.0, 0.0, 0.0, 0.0, 0.0, 0.0]","{'boarding': False, 'landing': False, 'loader': False}",low_activity,4.0
2024-03-02 20:05:00,False,0.6,0.0,"[0.0, 0.0, 0.0, 0.0, 0.0, 0.0]","{'boarding': False, 'landing': False, 'loader': False}",low_activity,3.0
2024-03-02 20:10:00,False,0.6,0.0,"[0.0, 0.0, 0.0, 0.0, 0.0, 0.0]","{'boarding': False, 'landing': False, 'loader': False}",low_activity,3.0
2024-03-02 20:15:00,False,0.6,0.0,"[0.0, 0.0, 0.0, 0.0, 0.0, 0.0]","{'boarding': False, 'landing': False, 'loader': False}",low_activity,3.0
2024-03-02 20:20:00,False,0.6,0.0,"[0.0, 0.0, 0.0, 0.0, 0.0, 0.0]","{'boarding': False, 'landing': False, 'loader': False}",low_activity,4.0
2024-03-02 20:25:00,False,0.6,0.0,"[0.0, 0.0, 0.0, 0.0, 0.0, 0.0]","{'boarding': False, 'landing': False, 'loader': False}",low_activity,4.0
2024-03-02 20:30:00,False,0.6,0.0,"[0.0, 0.0, 0.0, 0.0, 0.0, 0.0]","{'boarding': False, 'landing': False, 'loader': False}",low_activity,4.0
2024-03-02 20:35:00,False,0.6,0.0,"[0.0, 0.0, 0.0, 0.0, 0.0, 0.0]","{'boarding': False, 'landing': False, 'loader': False}",low_activity,3.0
2024-03-02 20:40:00,False,0.6,0.0,"[0.0, 0.0, 0.0, 0.0, 0.0, 0.0]","{'boarding': False, 'landing': False, 'loader': False}",low_activity,1.0
2024-03-02 20:45:00,False,0.6,0.0,"[0.0, 0.0, 0.0, 0.0, 0.0, 0.0]","{'boarding': False, 'landing': False, 'loader': False}",low_activity,1.0
2024-03-02 20:50:00,False,0.6,0.0,"[0.0, 0.0, 0.0, 0.0, 0.0, 0.0]","{'boarding': False, 'landing': False, 'loader': False}",low_activity,1.0
2024-03-02 20:55:00,False,0.6,0.0,"[0.0, 0.0, 0.0, 0.0, 0.0, 0.0]","{'boarding': False, 'landing': False, 'loader': False}",low_activity,1.0
2024-03-02 21:00:00,False,0.6,0.0,"[0.0, 0.0, 0.0, 0.0, 0.0, 0.0]","{'boarding': False, 'landing': False, 'loader': False}",low_activity,1.0
2024-03-02 21:05:00,False,0.6,0.0,"[0.0, 0.0, 0.0, 0.0, 0.0, 0.0]","{'boarding': False, 'landing': False, 'loader': False}",low_activity,1.0
2024-03-02 21:10:00,False,0.6,0.0,"[0.0, 0.0, 0.0, 0.0, 0.0, 0.0]","{'boarding': False, 'landing': False, 'loader': False}",low_activity,1.0
2024-03-02 21:15:00,False,0.6,0.0,"[0.0, 0.0, 0.0, 0.0, 0.0, 0.0]","{'boarding': False, 'landing': False, 'loader': False}",low_activity,1.0
2024-03-02 21:20:00,False,0.6132379357290553,0.0,"[0.0, 0.0, 0.0, 0.0, 0.0, 0.0]","{'boarding': False, 'landing': False, 'loader': False}",low_activity,0.0
2024-03-02 21:25:00,False,0.5904934821154011,0.0,"[0.0, 0.0, 0.0, 0.0, 0.0, 0.0]","{'boarding': False, 'landing': False, 'loader': False}",low_activity,0.0
2024-03-02 21:30:00,False,0.5694064046957097,0.0,"[0.0, 0.0, 0.0, 0.0, 0.0, 0.0]","{'boarding': False, 'landing': False, 'loader': False}",low_activity,0.0
2024-03-02 21:35:00,False,0.6,0.0,"[0.0, 0.0, 0.0, 0.0, 0.0, 0.0]","{'boarding': False, 'landing': False, 'loader': False}",low_activity,1.0
2024-03-02 21:40:00,False,0.6,0.0,"[0.0, 0.0, 0.0, 0.0, 0.0, 0.0]","{'boarding': False, 'landing': False, 'loader': False}",low_activity,1.0
2024-03-02 21:45:00,False,0.6,0.0,"[0.0, 0.0, 0.0, 0.0, 0.0, 0.0]","{'boarding': False, 'landing': False, 'loader': False}",low_activity,1.0
2024-03-02 21:50:00,False,0.6,0.0,"[0.0, 0.0, 0.0, 0.0, 0.0, 0.0]","{'boarding': False, 'landing': False, 'loader': False}",low_activity,1.0
2024-03-02 21:55:00,False,0.6,0.0,"[0.0, 0.0, 0.0, 0.0, 0.0, 0.0]","{'boarding': False, 'landing': False, 'loader': False}",low_activity,1.0
2024-03-02 22:00:00,False,0.6,0.0,"[0.0, 0.0, 0.0, 0.0, 0.0, 0.0]","{'boarding': False, 'landing': False, 'loader': False}",low_activity,1.0
2024-03-02 22:05:00,False,0.6,0.0,"[0.0, 0.0, 0.0, 0.0, 0.0, 0.0]","{'boarding': False, 'landing': False, 'loader': False}",low_activity,2.0
2024-03-02 22:10:00,False,0.6,0.0,"[0.0, 0.0, 0.0, 0.0, 0.0, 0.0]","{'boarding': False, 'landing': False, 'loader': False}",low_activity,2.0
2024-03-02 22:15:00,False,0.6,0.0,"[0.0, 0.0, 0.0, 0.0, 0.0, 0.0]","{'boarding': False, 'landing': False, 'loader': False}",low_activity,2.0
2024-03-02 22:20:00,False,0.6,0.0,"[0.0, 0.0, 0.0, 0.0, 0.0, 0.0]","{'boarding': False, 'landing': False, 'loader': False}",low_activity,2.0
2024-03-02 22:25:00,False,0.6,0.0,"[0.0, 0.0, 0.0, 0.0, 0.0, 0.0]","{'boarding': False, 'landing': False, 'loader': False}",low_activity,3.0
2024-03-02 22:30:00,False,0.6,0.0,"[0.0, 0.0, 0.0, 0.0, 0.0, 0.0]","{'boarding': False, 'landing': False, 'loader': False}",low_activity,3.0
2024-03-02 22:35:00,False,0.6,0.0,"[0.0, 0.0, 0.0, 0.0, 0.0, 0.0]","{'boarding': False, 'landing': False, 'loader': False}",low_activity,2.0
2024-03-02 22:40:00,False,0.6,0.0,"[0.0, 0.0, 0.0, 0.0, 0.0, 0.0]","{'boarding': False, 'landing': False, 'loader': False}",low_activity,2.0
2024-03-02 22:45:00,False,0.6,0.0,"[0.0, 0.0, 0.0, 0.0, 0.0, 0.0]","{'boarding': False, 'landing': False, 'loader': False}",low_activity,2.0
2024-03-02 22:50:00,False,0.6,0.0,"[0.0, 0.0, 0.0, 0.0, 0.0, 0.0]","{'boarding': False, 'landing': False, 'loader': False}",low_activity,2.0
2024-03-02 22:55:00,False,0.6,0.0,"[0.0, 0.0, 0.0, 0.0, 0.0, 0.0]","{'boarding': False, 'landing': False, 'loader': False}",low_activity,2.0
2024-03-02 23:00:00,False,0.6,0.0,"[0.0, 0.0, 0.0, 0.0, 0.0, 0.0]","{'boarding': False, 'landing': False, 'loader': False}",low_activity,1.0
2024-03-02 23:05:00,False,0.6,0.0,"[0.0, 0.0, 0.0, 0.0, 0.0, 0.0]","{'boarding': False, 'landing': False, 'loader': False}",low_activity,1.0
2024-03-02 23:10:00,False,0.6,0.0,"[0.0, 0.0, 0.0, 0.0, 0.0, 0.0]","{'boarding': False, 'landing': False, 'loader': False}",low_activity,1.0
2024-03-02 23:15:00,False,0.520918611042244,0.0,"[0.0, 0.0, 0.0, 0.0, 0.0, 0.0]","{'boarding': False, 'landing': False, 'loader': False}",low_activity,0.0
2024-03-02 23:20:00,False,0.5050568383158245,0.0,"[0.0, 0.0, 0.0, 0.0, 0.0, 0.0]","{'boarding': False, 'landing': False, 'loader': False}",low_activity,0.0
2024-03-02 23:25:00,False,0.49022041198764527,0.0,"[0.0, 0.0, 0.0, 0.0, 0.0, 0.0]","{'boarding': False, 'landing': False, 'loader': False}",low_activity,0.0
2024-03-02 23:30:00,False,0.47633636114414984,0.0,"[0.0, 0.0, 0.0, 0.0, 0.0, 0.0]","{'boarding': False, 'landing': False, 'loader': False}",low_activity,0.0
2024-03-02 23:35:00,False,0.46325981786775594,0.0,"[0.0, 0.0, 0.0, 0.0, 0.0, 0.0]","{'boarding': False, 'landing': False, 'loader': False}",low_activity,0.0
2024-03-02 23:40:00,False,0.45097092340723605,0.0,"[0.0, 0.0, 0.0, 0.0, 0.0, 0.0]","{'boarding': False, 'landing': False, 'loader': False}",low_activity,0.0
2024-03-02 23:45:00,False,0.43940221695199233,0.0,"[0.0, 0.0, 0.0, 0.0, 0.0, 0.0]","{'boarding': False, 'landing': False, 'loader': False}",low_activity,0.0
2024-03-02 23:50:00,False,0.42849301385652766,0.0,"[0.0, 0.0, 0.0, 0.0, 0.0, 0.0]","{'boarding': False, 'landing': False, 'loader': False}",low_activity,0.0
2024-03-02 23:55:00,False,0.4181887066163498,0.0,"[0.0, 0.0, 0.0, 0.0, 0.0, 0.0]","{'boarding': False, 'landing': False, 'loader': False}",low_activity,0.0
2024-03-03 00:00:00,False,0.40844011979501765,0.0,"[0.0, 0.0, 0.0, 0.0, 0.0, 0.0]","{'boarding': False, 'landing': False, 'loader': False}",low_activity,0.0
2024-03-03 00:05:00,False,0.3991495901163023,0.0,"[0.0, 0.0, 0.0, 0.0, 0.0, 0.0]","{'boarding': False, 'landing': False, 'loader': False}",low_activity,0.0
2024-03-03 00:10:00,False,0.39034247065073135,0.0,"[0.0, 0.0, 0.0, 0.0, 0.0, 0.0]","{'boarding': False, 'landing': False, 'loader': False}",low_activity,0.0
2024-03-03 00:15:00,False,0.3819816398568936,0.0,"[0.0, 0.0, 0.0, 0.0, 0.0, 0.0]","{'boarding': False, 'landing': False, 'loader': False}",low_activity,0.0
2024-03-03 00:20:00,False,0.3766274527100161,0.0,"[0.0, 0.0, 0.0, 0.0, 0.0, 0.0]","{'boarding': False, 'landing': False, 'loader': False}",low_activity,0.0
2024-03-03 00:25:00,False,0.3714552134332678,0.0,"[0.0, 0.0, 0.0, 0.0, 0.0, 0.0]","{'boarding': False, 'landing': False, 'loader': False}",low_activity,0.0
2024-03-03 00:30:00,False,0.36645551022984696,0.0,"[0.0, 0.0, 0.0, 0.0, 0.0, 0.0]","{'boarding': False, 'landing': False, 'loader': False}",low_activity,0.0
2024-03-03 00:35:00,False,0.3592254517118775,0.0,"[0.0, 0.0, 0.0, 0.0, 0.0, 0.0]","{'boarding': False, 'landing': False, 'loader': False}",low_activity,0.0
2024-03-03 00:40:00,False,0.3523182487151008,0.0,"[0.0, 0.0, 0.0, 0.0, 0.0, 0.0]","{'boarding': False, 'landing': False, 'loader': False}",low_activity,0.0
2024-03-03 00:45:00,False,0.34571139597414485,0.0,"[0.0, 0.0, 0.0, 0.0, 0.0, 0.0]","{'boarding': False, 'landing': False, 'loader': False}",low_activity,0.0
2024-03-03 00:50:00,False,0.33938435810599527,0.0,"[0.0, 0.0, 0.0, 0.0, 0.0, 0.0]","{'boarding': False, 'landing': False, 'loader': False}",low_activity,0.0
2024-03-03 00:55:00,False,0.3333183660157567,0.0,"[0.0, 0.0, 0.0, 0.0, 0.0, 0.0]","{'boarding': False, 'landing': False, 'loader': False}",low_activity,0.0
2024-03-03 05:00:00,False,0.3274962367214118,0.0,"[0.0, 0.0, 0.0, 0.0, 0.0, 0.0]","{'boarding': False, 'landing': False, 'loader': False}",low_activity,0.0
2024-03-03 05:05:00,False,0.3237820801826499,0.0,"[0.0, 0.0, 0.0, 0.0, 0.0, 0.0]","{'boarding': False, 'landing': False, 'loader': False}",low_activity,0.0
2024-03-03 05:10:00,False,0.32017100863494546,0.0,"[0.0, 0.0, 0.0, 0.0, 0.0, 0.0]","{'boarding': False, 'landing': False, 'loader': False}",low_activity,0.0
2024-03-03 05:15:00,False,0.31486340019102377,0.0,"[0.0, 0.0, 0.0, 0.0, 0.0, 0.0]","{'boarding': False, 'landing': False, 'loader': False}",low_activity,0.0
2024-03-03 05:20:00,False,0.309751667531135,0.0,"[0.0, 0.0, 0.0, 0.0, 0.0, 0.0]","{'boarding': False, 'landing': False, 'loader': False}",low_activity,0.0
2024-03-03 05:25:00,False,0.304823898194518,0.0,"[0.0, 0.0, 0.0, 0.0, 0.0, 0.0]","{'boarding': False, 'landing': False, 'loader': False}",low_activity,0.0
2024-03-03 05:30:00,False,0.29991936223286886,0.0,"[0.0, 0.0, 0.0, 0.0, 0.0, 0.0]","{'boarding': False, 'landing': False, 'loader': False}",low_activity,0.0
2024-03-03 05:35:00,False,0.29532162457652716,0.0,"[0.0, 0.0, 0.0, 0.0, 0.0, 0.0]","{'boarding': False, 'landing': False, 'loader': False}",low_activity,0.0
2024-03-03 05:40:00,False,0.290877512451751,0.0,"[0.0, 0.0, 0.0, 0.0, 0.0, 0.0]","{'boarding': False, 'landing': False, 'loader': False}",low_activity,0.0
2024-03-03 05:45:00,False,0.28657826952338206,0.0,"[0.0, 0.0, 0.0, 0.0, 0.0, 0.0]","{'boarding': False, 'landing': False, 'loader': False}",low_activity,0.0
2024-03-03 05:50:00,False,0.2824157659395594,0.0,"[0.0, 0.0, 0.0, 0.0, 0.0, 0.0]","{'boarding': False, 'landing': False, 'loader': False}",low_activity,0.0
2024-03-03 05:55:00,False,0.2783824432114779,0.0,"[0.0, 0.0, 0.0, 0.0, 0.0, 0.0]","{'boarding': False, 'landing': False, 'loader': False}",low_activity,0.0
2024-03-03 06:00:00,False,0.2744712646500359,0.0,"[0.0, 0.0, 0.0, 0.0, 0.0, 0.0]","{'boarding': False, 'landing': False, 'loader': False}",low_activity,0.0
2024-03-03 06:05:00,False,0.2706756707299335,0.0,"[0.0, 0.0, 0.0, 0.0, 0.0, 0.0]","{'boarding': False, 'landing': False, 'loader': False}",low_activity,0.0
2024-03-03 06:10:00,False,0.7,0.0,"[0.0, 0.0, 0.0, 0.0, 0.0, 0.0]","{'boarding': False, 'landing': False, 'loader': False}",low_activity,0.0
2024-03-03 06:15:00,False,0.7,0.0,"[0.0, 0.0, 0.0, 0.0, 0.0, 0.0]","{'boarding': False, 'landing': False, 'loader': False}",low_activity,0.0
2024-03-03 06:20:00,False,0.7,0.0,"[0.0, 0.0, 0.0, 0.0, 0.0, 0.0]","{'boarding': False, 'landing': False, 'loader': False}",low_activity,0.0
2024-03-03 06:25:00,False,0.7,0.0,"[0.0, 0.0, 0.0, 0.0, 0.0, 0.0]","{'boarding': False, 'landing': False, 'loader': False}",low_activity,0.0
2024-03-03 06:30:00,False,0.7,0.0,"[0.0, 0.0, 0.0, 0.0, 0.0, 0.0]","{'boarding': False, 'landing': False, 'loader': False}",low_activity,0.0
2024-03-03 06:35:00,False,0.7,0.0,"[0.0, 0.0, 0.0, 0.0, 0.0, 0.0]","{'boarding': False, 'landing': False, 'loader': False}",low_activity,0.0
